territory,hiv_therapy_regdispensaries,hiv_regdispensaries_numdetect,hiv_firstdiagnosis_100k,hiv_motherchild_chemoprophylaxis,hiv_regnum_firstdiagnosis,hiv_totalnumrussian_tested,hiv_russian_ibtestedpositive,hiv_russian_ifatestedpositive,hiv_totalnumforeign_tested,hiv_foreign_ibtestedpositive,hiv_foreign_ifatestedpositive,num_alldoctors_inmedorgservices,num_infectiousdoctors_inmedorgservices,per_infectious_inalldoctors,year
Российская Федерация,28.6,65.8,52.9,85.7,75708.0,26037319.0,92884.0,245434.0,1248832.0,2122.0,3992.0,703220.0,7545.0,1.1,2012
Российская Федерация,32.9,64.8,57.0,85.2,81698.0,26821308.0,100640.0,266807.0,1498666.0,2486.0,4499.0,702577.0,7461.0,1.1,2013
Российская Федерация,36.4,66.0,63.3,84.2,92613.0,27982810.0,111390.0,325242.0,1895871.0,4417.0,8497.0,709397.0,6796.0,1.0,2014
Российская Федерация,39.8,66.1,68.5,87.8,100220.0,28336911.0,121200.0,353549.0,2413636.0,4672.0,9760.0,673040.0,6622.0,1.0,2015
Российская Федерация,72.4,42.5,59.3,88.0,86855.0,,,,,,,680916.0,6678.0,1.0,2016
Российская Федерация,50.6,91.2,58.4,89.1,85802.0,,,,,,,697088.0,6916.0,1.0,2017
Российская Федерация,62.9,71.3,58.6,91.0,85995.0,,,,,,,703748.0,6884.0,1.0,2018
Российская Федерация,71.9,79.8,54.6,92.7,80124.0,40580588.0,119372.0,396741.0,2550422.0,2407.0,5867.0,714630.0,6976.0,1.0,2019
Алтайский край,18.3,77.8,74.5,84.8,1793.0,392107.0,1815.0,4785.0,7506.0,9.0,34.0,11028.0,112.0,1.0,2012
Алтайский край,23.3,72.2,83.6,84.0,2005.0,406737.0,2027.0,5600.0,9140.0,11.0,156.0,10919.0,116.0,1.1,2013
Алтайский край,26.2,73.1,113.3,0.0,2702.0,406183.0,2734.0,6991.0,8737.0,14.0,136.0,10705.0,109.0,1.0,2014
Алтайский край,26.4,71.5,129.0,87.8,3077.0,390988.0,3145.0,6465.0,13902.0,32.0,94.0,10201.0,104.0,1.0,2015
Алтайский край,74.2,24.3,86.5,88.8,2056.0,,,,,,,10198.0,103.0,1.0,2016
Алтайский край,32.0,95.3,73.3,91.9,1733.0,,,,,,,10173.0,103.0,1.0,2017
Алтайский край,63.3,65.6,85.1,92.9,1992.0,,,,,,,9957.0,97.0,1.0,2018
Алтайский край,68.9,92.3,74.5,95.4,1739.0,566369.0,2232.0,7717.0,11872.0,15.0,161.0,9877.0,97.0,1.0,2019
Амурская область,31.0,94.4,6.3,100.0,52.0,130985.0,75.0,351.0,4088.0,6.0,10.0,4935.0,63.0,1.3,2012
Амурская область,22.4,82.6,9.4,88.9,77.0,135521.0,90.0,434.0,4019.0,5.0,16.0,4915.0,60.0,1.2,2013
Амурская область,22.1,83.2,8.0,76.9,65.0,154661.0,104.0,634.0,4716.0,12.0,27.0,4764.0,49.0,1.0,2014
Амурская область,19.4,84.9,11.0,88.9,89.0,157448.0,144.0,669.0,6590.0,6.0,15.0,4461.0,45.0,1.0,2015
Амурская область,55.3,31.4,12.3,80.0,99.0,,,,,,,4349.0,44.0,1.0,2016
Амурская область,50.0,91.7,11.8,85.0,95.0,,,,,,,4448.0,42.0,0.9,2017
Амурская область,66.8,48.8,15.1,64.3,120.0,,,,,,,4366.0,44.0,1.0,2018
Амурская область,79.9,48.0,21.1,100.0,167.0,204289.0,257.0,810.0,36416.0,13.0,41.0,4335.0,41.0,0.9,2019
Архангельская область,50.1,48.4,9.6,90.0,116.0,228601.0,112.0,400.0,2147.0,5.0,10.0,6587.0,63.0,1.0,2012
Архангельская область,58.3,46.0,10.5,75.0,122.0,231028.0,116.0,564.0,1925.0,6.0,10.0,6495.0,67.0,1.0,2013
Архангельская область,,,,,,222614.0,115.0,541.0,4085.0,14.0,27.0,6604.0,59.0,0.9,2014
Архангельская область,,,,,,212485.0,210.0,706.0,4705.0,6.0,24.0,6249.0,61.0,1.0,2015
Архангельская область,,,,,,,,,,,,6285.0,65.0,1.0,2016
Архангельская область,61.2,93.0,27.8,87.9,312.0,,,,,,,6354.0,64.0,1.0,2017
Архангельская область,64.4,57.0,32.3,86.8,357.0,,,,,,,6403.0,64.0,1.0,2018
Архангельская область,75.4,102.8,35.9,77.1,395.0,277013.0,391.0,1438.0,3761.0,4.0,9.0,6306.0,64.0,1.0,2019
Астраханская область,40.6,81.7,11.6,72.2,118.0,155060.0,122.0,122.0,11119.0,22.0,22.0,6664.0,106.0,1.6,2012
Астраханская область,42.7,85.4,12.6,90.9,128.0,175260.0,136.0,136.0,10054.0,18.0,18.0,6689.0,110.0,1.6,2013
Астраханская область,44.8,92.5,13.7,76.2,140.0,191967.0,163.0,163.0,12976.0,35.0,35.0,6573.0,96.0,1.5,2014
Астраханская область,43.1,84.9,16.2,87.0,165.0,178997.0,228.0,228.0,18916.0,19.0,19.0,6191.0,78.0,1.3,2015
Астраханская область,68.5,58.8,23.7,82.8,241.0,,,,,,,6260.0,78.0,1.2,2016
Астраханская область,61.0,85.5,24.9,81.8,254.0,,,,,,,6295.0,79.0,1.3,2017
Астраханская область,72.2,48.2,23.0,87.5,234.0,,,,,,,6209.0,74.0,1.2,2018
Астраханская область,84.9,51.4,19.6,84.6,199.0,255768.0,249.0,249.0,15491.0,12.0,12.0,6158.0,72.0,1.2,2019
Белгородская область,44.3,62.2,11.6,86.7,178.0,331366.0,141.0,1118.0,15056.0,43.0,80.0,6276.0,65.0,1.0,2012
Белгородская область,45.1,66.0,11.1,80.0,171.0,329006.0,167.0,1022.0,20901.0,54.0,108.0,6283.0,66.0,1.1,2013
Белгородская область,46.5,56.9,11.8,92.5,182.0,332664.0,194.0,1283.0,36885.0,122.0,237.0,6307.0,69.0,1.1,2014
Белгородская область,52.8,59.3,14.0,93.6,216.0,316135.0,247.0,1174.0,31861.0,76.0,121.0,6400.0,73.0,1.1,2015
Белгородская область,62.1,52.7,26.1,95.9,404.0,,,,,,,6457.0,72.0,1.1,2016
Белгородская область,59.8,84.1,27.2,83.6,423.0,,,,,,,6365.0,74.0,1.2,2017
Белгородская область,69.0,76.2,22.9,90.3,354.0,,,,,,,6263.0,71.0,1.1,2018
Белгородская область,83.5,73.0,19.5,92.1,301.0,452156.0,331.0,785.0,13733.0,36.0,52.0,6269.0,74.0,1.2,2019
Брянская область,35.4,66.9,16.9,102.9,214.0,286899.0,208.0,1193.0,4590.0,6.0,11.0,4600.0,42.0,0.9,2012
Брянская область,41.3,61.2,18.3,90.9,230.0,282904.0,218.0,1224.0,5027.0,12.0,21.0,4561.0,40.0,0.9,2013
Брянская область,46.5,60.2,22.9,90.5,282.0,301700.0,229.0,1223.0,12254.0,53.0,105.0,4569.0,35.0,0.8,2014
Брянская область,49.0,60.2,27.3,94.0,337.0,285895.0,297.0,1566.0,13423.0,40.0,77.0,4653.0,37.0,0.8,2015
Брянская область,64.1,54.2,20.3,94.1,249.0,,,,,,,4778.0,33.0,0.7,2016
Брянская область,60.5,93.3,26.5,95.0,323.0,,,,,,,4931.0,36.0,0.7,2017
Брянская область,68.8,89.1,32.5,91.4,392.0,,,,,,,4861.0,39.0,0.8,2018
Брянская область,76.8,89.5,24.2,97.6,291.0,326629.0,326.0,881.0,6229.0,16.0,28.0,4792.0,41.0,0.9,2019
Владимирская область,46.6,48.0,28.4,87.3,407.0,135203.0,431.0,1353.0,13294.0,13.0,30.0,4792.0,38.0,0.8,2012
Владимирская область,50.9,57.7,24.8,85.5,353.0,140462.0,454.0,1537.0,12096.0,12.0,27.0,4790.0,37.0,0.8,2013
Владимирская область,50.7,44.1,27.0,81.8,380.0,144984.0,457.0,1639.0,13094.0,28.0,53.0,4752.0,38.0,0.8,2014
Владимирская область,48.8,51.2,40.7,87.9,572.0,159340.0,668.0,2362.0,21624.0,49.0,133.0,4727.0,42.0,0.9,2015
Владимирская область,53.5,51.3,43.4,89.9,606.0,,,,,,,4706.0,42.0,0.9,2016
Владимирская область,53.4,92.9,47.6,84.9,661.0,,,,,,,4736.0,45.0,1.0,2017
Владимирская область,62.4,54.0,43.3,90.4,594.0,,,,,,,4769.0,47.0,1.0,2018
Владимирская область,72.6,55.1,47.7,90.6,652.0,345689.0,764.0,2943.0,20268.0,11.0,74.0,4774.0,42.0,0.9,2019
Волгоградская область,49.5,72.9,35.4,91.3,919.0,534855.0,888.0,969.0,9753.0,31.0,33.0,12202.0,135.0,1.1,2012
Волгоградская область,50.9,75.2,42.3,90.4,1092.0,506992.0,1059.0,1168.0,13444.0,33.0,33.0,12372.0,137.0,1.1,2013
Волгоградская область,51.8,74.6,44.0,90.9,1124.0,530309.0,1048.0,1177.0,24947.0,76.0,76.0,12333.0,110.0,0.9,2014
Волгоградская область,51.9,74.4,47.9,92.2,1224.0,532128.0,1154.0,1290.0,37100.0,70.0,70.0,11183.0,105.0,0.9,2015
Волгоградская область,74.3,61.7,47.3,92.7,1205.0,,,,,,,11247.0,100.0,0.9,2016
Волгоградская область,67.9,92.4,47.6,92.2,1207.0,,,,,,,11248.0,106.0,0.9,2017
Волгоградская область,72.3,73.7,49.3,93.0,1239.0,,,,,,,11304.0,108.0,1.0,2018
Волгоградская область,79.0,70.2,44.1,93.6,1107.0,709154.0,1080.0,1279.0,31513.0,27.0,27.0,11292.0,103.0,0.9,2019
Вологодская область,44.4,60.0,16.8,92.0,201.0,216077.0,235.0,644.0,5987.0,6.0,11.0,4226.0,48.0,1.1,2012
Вологодская область,41.5,58.5,18.3,85.5,219.0,224453.0,245.0,541.0,6026.0,5.0,8.0,4137.0,46.0,1.1,2013
Вологодская область,47.3,64.2,20.0,95.2,238.0,226395.0,240.0,567.0,8425.0,24.0,29.0,4187.0,46.0,1.1,2014
Вологодская область,48.5,62.8,22.5,88.4,268.0,243655.0,271.0,794.0,10725.0,20.0,22.0,4181.0,43.0,1.0,2015
Вологодская область,63.9,52.5,26.1,81.3,310.0,,,,,,,4121.0,42.0,1.0,2016
Вологодская область,55.5,93.2,33.6,91.8,398.0,,,,,,,4187.0,42.0,1.0,2017
Вологодская область,58.4,87.5,39.2,93.0,459.0,,,,,,,4127.0,43.0,1.0,2018
Вологодская область,72.0,71.2,30.4,88.1,355.0,325535.0,463.0,1315.0,7343.0,5.0,16.0,4119.0,42.0,1.0,2019
Воронежская область,39.5,83.4,5.9,90.9,138.0,412453.0,295.0,516.0,15231.0,20.0,20.0,12663.0,133.0,1.1,2012
Воронежская область,37.2,80.5,7.5,94.4,175.0,417149.0,275.0,731.0,16925.0,23.0,24.0,12614.0,128.0,1.0,2013
Воронежская область,47.6,80.9,8.3,73.8,193.0,446005.0,279.0,853.0,27007.0,62.0,73.0,12603.0,124.0,1.0,2014
Воронежская область,40.0,78.8,26.9,73.2,628.0,418838.0,747.0,1419.0,40270.0,76.0,103.0,12060.0,122.0,1.0,2015
Воронежская область,78.5,46.3,33.2,84.5,775.0,,,,,,,11885.0,115.0,1.0,2016
Воронежская область,51.5,92.9,41.4,81.0,968.0,,,,,,,12064.0,115.0,1.0,2017
Воронежская область,62.8,71.9,35.3,89.7,823.0,,,,,,,12164.0,111.0,0.9,2018
Воронежская область,73.4,86.8,33.0,88.0,768.0,597349.0,918.0,1643.0,30572.0,23.0,23.0,12292.0,110.0,0.9,2019
г. Москва,37.0,33.2,60.6,87.3,7034.0,3751450.0,14399.0,27505.0,49366.0,310.0,468.0,82595.0,558.0,0.7,2012
г. Москва,42.3,32.6,55.1,82.7,6601.0,3863654.0,14597.0,29792.0,183716.0,460.0,664.0,83116.0,565.0,0.7,2013
г. Москва,46.3,31.3,55.1,90.8,6718.0,4392454.0,14654.0,49516.0,168784.0,530.0,1167.0,80605.0,426.0,0.5,2014
г. Москва,49.1,34.1,60.8,93.6,7422.0,4256424.0,15810.0,63939.0,355785.0,1056.0,2727.0,68640.0,351.0,0.5,2015
г. Москва,66.2,53.6,19.5,94.5,2409.0,,,,,,,68607.0,354.0,0.5,2016
г. Москва,57.5,97.2,23.4,94.9,2901.0,,,,,,,69864.0,361.0,0.5,2017
г. Москва,62.6,66.3,20.0,92.5,2514.0,,,,,,,73540.0,410.0,0.6,2018
г. Москва,66.6,66.6,19.8,93.9,2496.0,4861916.0,19714.0,80526.0,630266.0,567.0,1718.0,77581.0,410.0,0.5,2019
г. Санкт-Петербург,32.4,54.1,75.1,80.4,3719.0,629307.0,6876.0,14795.0,242535.0,463.0,599.0,40507.0,513.0,1.3,2012
г. Санкт-Петербург,38.0,58.6,72.5,85.9,3647.0,624991.0,7426.0,16384.0,317499.0,633.0,846.0,41690.0,529.0,1.3,2013
г. Санкт-Петербург,43.0,62.2,73.3,87.4,3807.0,761859.0,8144.0,21527.0,393824.0,789.0,1053.0,42297.0,361.0,0.9,2014
г. Санкт-Петербург,46.2,66.0,68.0,90.1,3528.0,796390.0,7241.0,17381.0,287705.0,470.0,616.0,38570.0,379.0,1.0,2015
г. Санкт-Петербург,68.2,48.4,54.0,91.5,2824.0,,,,,,,40922.0,388.0,0.9,2016
г. Санкт-Петербург,52.3,90.1,43.8,92.8,2311.0,,,,,,,43169.0,442.0,1.0,2017
г. Санкт-Петербург,65.6,75.2,52.9,93.7,2839.0,,,,,,,43733.0,436.0,1.0,2018
г. Санкт-Петербург,66.9,73.9,47.9,94.8,2580.0,1336446.0,6935.0,16677.0,338789.0,262.0,347.0,45822.0,460.0,1.0,2019
г. Севастополь,,,,,,,,,,,,,,,2012
г. Севастополь,,,,,,,,,,,,,,,2013
г. Севастополь,59.3,86.7,53.6,29.5,214.0,,,,,,,1641.0,27.0,1.6,2014
г. Севастополь,59.9,81.0,45.1,78.8,180.0,44350.0,180.0,674.0,5802.0,26.0,92.0,1731.0,30.0,1.7,2015
г. Севастополь,81.6,67.2,51.4,82.4,214.0,,,,,,,1724.0,21.0,1.2,2016
г. Севастополь,70.5,89.9,61.8,83.3,265.0,,,,,,,2042.0,42.0,2.1,2017
г. Севастополь,73.6,91.4,58.0,85.0,255.0,,,,,,,2097.0,33.0,1.6,2018
г. Севастополь,76.7,88.2,55.5,82.2,246.0,113719.0,335.0,1671.0,6521.0,9.0,24.0,2037.0,36.0,1.8,2019
Дальневосточный федеральный округ,31.6,76.9,23.3,82.6,1458.0,1167684.0,1513.0,6151.0,104904.0,86.0,200.0,35122.0,434.0,1.2,2012
Дальневосточный федеральный округ,32.9,76.9,25.6,79.2,1598.0,1206192.0,1674.0,6065.0,95135.0,72.0,173.0,34337.0,411.0,1.2,2013
Дальневосточный федеральный округ,35.9,78.4,29.6,85.1,1841.0,1271202.0,1889.0,7062.0,107660.0,144.0,305.0,33815.0,347.0,1.0,2014
Дальневосточный федеральный округ,37.0,77.4,36.9,83.5,2291.0,1318970.0,2368.0,8742.0,116592.0,137.0,303.0,32724.0,348.0,1.1,2015
Дальневосточный федеральный округ,75.9,44.4,36.6,85.5,2269.0,,,,,,,33263.0,373.0,1.1,2016
Дальневосточный федеральный округ,39.4,92.2,33.0,82.2,2041.0,,,,,,,33945.0,373.0,1.1,2017
Дальневосточный федеральный округ,59.6,82.9,42.4,86.3,3477.0,,,,,,,43658.0,492.0,1.1,2018
Дальневосточный федеральный округ,71.6,81.4,40.7,91.2,3329.0,2215245.0,4110.0,12569.0,158235.0,95.0,196.0,43999.0,499.0,1.1,2019
Еврейская автономная область,33.3,72.6,17.2,75.0,30.0,25034.0,29.0,29.0,575.0,1.0,1.0,627.0,8.0,1.3,2012
Еврейская автономная область,28.6,68.6,13.3,80.0,23.0,24341.0,23.0,24.0,769.0,0.0,0.0,642.0,10.0,1.6,2013
Еврейская автономная область,31.7,62.1,15.4,75.0,26.0,23049.0,25.0,31.0,943.0,1.0,1.0,651.0,8.0,1.2,2014
Еврейская автономная область,28.9,58.7,14.8,75.0,25.0,23665.0,24.0,26.0,1182.0,1.0,1.0,630.0,4.0,0.6,2015
Еврейская автономная область,73.9,39.3,18.7,100.0,31.0,,,,,,,605.0,8.0,1.3,2016
Еврейская автономная область,44.0,89.7,22.5,100.0,37.0,,,,,,,600.0,5.0,0.8,2017
Еврейская автономная область,57.9,87.4,18.6,50.0,30.0,,,,,,,579.0,6.0,1.0,2018
Еврейская автономная область,64.8,83.4,26.3,71.4,42.0,46017.0,60.0,60.0,711.0,1.0,1.0,602.0,6.0,1.0,2019
Забайкальский край,30.6,80.5,38.9,86.9,428.0,277940.0,418.0,850.0,13215.0,10.0,15.0,6386.0,88.0,1.4,2012
Забайкальский край,37.5,78.9,38.9,94.6,426.0,283316.0,417.0,595.0,11978.0,9.0,11.0,5762.0,77.0,1.3,2013
Забайкальский край,44.2,83.4,34.3,94.0,373.0,255440.0,354.0,504.0,11733.0,19.0,24.0,5677.0,66.0,1.2,2014
Забайкальский край,43.0,83.4,40.5,95.3,440.0,242440.0,429.0,582.0,11311.0,11.0,13.0,5289.0,64.0,1.2,2015
Забайкальский край,86.6,54.2,37.2,93.5,403.0,,,,,,,5468.0,61.0,1.1,2016
Забайкальский край,47.5,96.5,38.7,91.6,418.0,,,,,,,5567.0,62.0,1.1,2017
Забайкальский край,57.2,84.2,46.4,92.8,496.0,,,,,,,5352.0,59.0,1.1,2018
Забайкальский край,73.6,84.6,43.4,95.2,463.0,274526.0,459.0,555.0,9944.0,4.0,4.0,5396.0,65.0,1.2,2019
Ивановская область,30.5,78.2,61.9,89.2,652.0,193750.0,626.0,1048.0,5610.0,10.0,24.0,5533.0,67.0,1.2,2012
Ивановская область,36.7,68.5,58.2,94.0,610.0,203983.0,586.0,982.0,6359.0,5.0,15.0,4929.0,57.0,1.2,2013
Ивановская область,44.5,66.1,62.3,92.1,646.0,183326.0,634.0,1152.0,7974.0,12.0,210.0,4996.0,42.0,0.8,2014
Ивановская область,49.4,67.3,61.7,90.9,640.0,185033.0,630.0,1382.0,8949.0,11.0,45.0,4506.0,40.0,0.9,2015
Ивановская область,72.4,52.8,40.4,95.2,416.0,,,,,,,4479.0,39.0,0.9,2016
Ивановская область,58.0,93.4,62.3,90.8,637.0,,,,,,,4445.0,38.0,0.9,2017
Ивановская область,64.6,75.4,69.4,92.4,701.0,,,,,,,4444.0,34.0,0.8,2018
Ивановская область,73.5,77.4,72.8,96.2,731.0,253872.0,639.0,1429.0,7514.0,6.0,23.0,4402.0,35.0,0.8,2019
Иркутская область,23.4,56.2,135.5,76.5,3286.0,448800.0,4033.0,6741.0,27084.0,30.0,83.0,12436.0,119.0,1.0,2012
Иркутская область,27.9,56.2,134.6,74.9,3260.0,442737.0,3329.0,5874.0,24719.0,36.0,79.0,11623.0,104.0,0.9,2013
Иркутская область,30.6,57.2,149.2,79.5,3602.0,477703.0,3568.0,7209.0,27934.0,75.0,176.0,11828.0,97.0,0.8,2014
Иркутская область,34.2,60.3,148.4,84.7,3583.0,532981.0,3828.0,8394.0,45395.0,89.0,231.0,10980.0,99.0,0.9,2015
Иркутская область,63.8,38.2,145.8,85.4,3517.0,,,,,,,11286.0,106.0,0.9,2016
Иркутская область,57.4,73.0,172.3,92.8,4150.0,,,,,,,11561.0,102.0,0.9,2017
Иркутская область,66.0,41.4,200.9,93.1,4823.0,,,,,,,11673.0,99.0,0.8,2018
Иркутская область,67.8,86.0,130.1,94.6,3120.0,798094.0,3471.0,6933.0,44459.0,31.0,55.0,11724.0,105.0,0.9,2019
Кабардино-Балкарская Республика,22.4,93.9,8.4,100.0,72.0,143365.0,57.0,57.0,2157.0,2.0,2.0,3794.0,34.0,0.9,2012
Кабардино-Балкарская Республика,32.4,88.6,10.7,90.9,92.0,135565.0,82.0,82.0,2581.0,0.0,0.0,3832.0,49.0,1.3,2013
Кабардино-Балкарская Республика,33.1,88.4,8.4,92.3,72.0,87512.0,69.0,69.0,3022.0,3.0,3.0,3954.0,52.0,1.3,2014
Кабардино-Балкарская Республика,36.4,86.2,16.5,84.2,142.0,128297.0,135.0,135.0,4905.0,9.0,9.0,3768.0,51.0,1.4,2015
Кабардино-Балкарская Республика,91.6,48.0,14.3,71.4,123.0,,,,,,,3900.0,49.0,1.3,2016
Кабардино-Балкарская Республика,56.0,87.8,20.9,81.3,181.0,,,,,,,3916.0,46.0,1.2,2017
Кабардино-Балкарская Республика,61.5,55.3,27.9,61.5,242.0,,,,,,,3927.0,51.0,1.3,2018
Кабардино-Балкарская Республика,82.7,98.1,31.1,95.2,269.0,219528.0,255.0,382.0,5661.0,3.0,3.0,4075.0,52.0,1.3,2019
Калининградская область,40.4,83.9,46.4,88.6,439.0,127228.0,579.0,760.0,16969.0,15.0,20.0,3965.0,44.0,1.1,2012
Калининградская область,42.1,86.3,44.6,80.0,426.0,131444.0,541.0,738.0,18084.0,33.0,33.0,4234.0,44.0,1.0,2013
Калининградская область,49.3,86.6,38.5,91.7,373.0,135078.0,551.0,853.0,29138.0,25.0,40.0,4141.0,49.0,1.2,2014
Калининградская область,53.2,86.3,47.5,90.5,460.0,141696.0,627.0,856.0,23400.0,24.0,38.0,4354.0,53.0,1.2,2015
Калининградская область,86.4,53.5,34.6,95.5,338.0,,,,,,,4401.0,49.0,1.1,2016
Калининградская область,59.9,96.1,38.2,89.2,377.0,,,,,,,4480.0,47.0,1.0,2017
Калининградская область,63.4,77.4,41.9,97.4,418.0,,,,,,,4545.0,48.0,1.1,2018
Калининградская область,80.0,77.5,40.4,93.6,405.0,279024.0,517.0,878.0,20131.0,11.0,11.0,4705.0,53.0,1.1,2019
Калужская область,33.3,59.6,23.3,80.0,235.0,161062.0,220.0,1098.0,36128.0,40.0,74.0,4066.0,28.0,0.7,2012
Калужская область,40.4,57.6,24.1,83.0,242.0,138629.0,239.0,1022.0,39763.0,42.0,62.0,4093.0,29.0,0.7,2013
Калужская область,50.9,41.5,35.3,94.1,357.0,150799.0,278.0,1133.0,51071.0,112.0,145.0,4111.0,29.0,0.7,2014
Калужская область,49.5,53.3,36.5,83.1,369.0,159951.0,314.0,1723.0,51071.0,81.0,111.0,3892.0,26.0,0.7,2015
Калужская область,63.7,49.0,37.1,82.3,375.0,,,,,,,4064.0,30.0,0.7,2016
Калужская область,49.0,91.0,31.9,80.0,324.0,,,,,,,4101.0,30.0,0.7,2017
Калужская область,60.2,73.8,29.9,87.0,302.0,,,,,,,4078.0,33.0,0.8,2018
Калужская область,69.5,78.6,37.4,86.3,378.0,249611.0,433.0,1590.0,41475.0,30.0,70.0,4266.0,33.0,0.8,2019
Камчатский край,16.9,90.3,13.1,66.7,42.0,69476.0,38.0,191.0,9367.0,4.0,30.0,1699.0,25.0,1.5,2012
Камчатский край,20.5,93.3,8.4,40.0,27.0,73172.0,29.0,91.0,9865.0,8.0,51.0,1737.0,21.0,1.2,2013
Камчатский край,19.1,96.6,15.8,75.0,50.0,70929.0,51.0,107.0,10821.0,9.0,9.0,1668.0,18.0,1.1,2014
Камчатский край,21.6,92.6,25.8,50.0,82.0,73702.0,83.0,260.0,8212.0,8.0,8.0,1694.0,21.0,1.2,2015
Камчатский край,91.4,28.8,41.4,90.9,131.0,,,,,,,1664.0,22.0,1.3,2016
Камчатский край,38.0,86.1,45.8,61.1,144.0,,,,,,,1679.0,23.0,1.4,2017
Камчатский край,46.9,81.7,56.8,44.4,179.0,,,,,,,1699.0,21.0,1.2,2018
Камчатский край,66.4,83.1,58.8,83.3,185.0,85492.0,181.0,256.0,8718.0,4.0,6.0,1655.0,19.0,1.1,2019
Карачаево-Черкесская Республика,40.5,43.1,7.8,100.0,37.0,52074.0,36.0,47.0,675.0,3.0,3.0,1789.0,17.0,1.0,2012
Карачаево-Черкесская Республика,40.2,39.7,6.8,100.0,32.0,54367.0,42.0,71.0,894.0,3.0,3.0,1778.0,18.0,1.0,2013
Карачаево-Черкесская Республика,47.5,39.4,11.1,71.4,52.0,49039.0,63.0,67.0,1796.0,4.0,4.0,1766.0,13.0,0.7,2014
Карачаево-Черкесская Республика,53.8,38.3,17.1,100.0,80.0,50457.0,77.0,126.0,3832.0,7.0,14.0,1818.0,12.0,0.7,2015
Карачаево-Черкесская Республика,45.6,57.7,21.2,84.6,99.0,,,,,,,1868.0,13.0,0.7,2016
Карачаево-Черкесская Республика,58.8,85.1,24.9,88.9,116.0,,,,,,,1913.0,17.0,0.9,2017
Карачаево-Черкесская Республика,69.8,46.7,27.3,100.0,127.0,,,,,,,1943.0,17.0,0.9,2018
Карачаево-Черкесская Республика,76.2,48.4,22.3,77.8,104.0,88116.0,125.0,245.0,5083.0,1.0,3.0,1943.0,17.0,0.9,2019
Кемеровская область,13.2,73.0,219.4,83.6,6035.0,459502.0,6004.0,11413.0,12813.0,31.0,65.0,13396.0,171.0,1.3,2012
Кемеровская область,15.9,69.0,217.1,89.4,5954.0,470375.0,5930.0,11852.0,14352.0,24.0,49.0,12943.0,165.0,1.3,2013
Кемеровская область,17.9,66.9,239.8,91.4,6534.0,481912.0,6494.0,14302.0,16238.0,40.0,83.0,12513.0,173.0,1.4,2014
Кемеровская область,23.0,69.0,237.5,93.9,6473.0,514251.0,6429.0,15194.0,15162.0,44.0,91.0,11661.0,126.0,1.1,2015
Кемеровская область,75.8,23.3,201.8,91.1,5485.0,,,,,,,11896.0,127.0,1.1,2016
Кемеровская область,36.6,91.9,170.2,90.8,4610.0,,,,,,,12038.0,125.0,1.0,2017
Кемеровская область,60.0,80.5,165.7,94.6,4447.0,,,,,,,11892.0,120.0,1.0,2018
Кемеровская область,70.1,100.0,164.3,94.2,4393.0,736183.0,4850.0,16333.0,12335.0,32.0,84.0,11652.0,136.0,1.2,2019
Кировская область,39.7,38.0,9.2,92.3,122.0,321874.0,118.0,449.0,2726.0,4.0,9.0,6150.0,96.0,1.6,2012
Кировская область,42.4,45.1,13.5,83.9,178.0,293066.0,174.0,595.0,3167.0,4.0,9.0,6093.0,91.0,1.5,2013
Кировская область,48.7,80.7,13.7,82.9,179.0,295913.0,177.0,639.0,4673.0,2.0,6.0,6025.0,74.0,1.2,2014
Кировская область,47.0,85.0,17.2,87.5,224.0,282960.0,220.0,404.0,3791.0,4.0,8.0,5766.0,76.0,1.3,2015
Кировская область,56.2,64.4,17.1,74.4,222.0,,,,,,,5829.0,75.0,1.3,2016
Кировская область,75.0,85.1,21.2,88.2,274.0,,,,,,,6094.0,72.0,1.2,2017
Кировская область,73.9,61.8,18.5,90.0,236.0,,,,,,,5985.0,73.0,1.2,2018
Кировская область,77.5,90.7,18.2,100.0,232.0,371760.0,230.0,409.0,2824.0,2.0,4.0,6121.0,72.0,1.2,2019
Костромская область,37.4,75.4,25.4,95.3,168.0,84189.0,173.0,379.0,3385.0,1.0,10.0,2355.0,23.0,1.0,2012
Костромская область,40.0,75.5,24.1,88.2,159.0,85831.0,154.0,392.0,3592.0,4.0,16.0,2333.0,20.0,0.9,2013
Костромская область,42.8,77.4,31.0,86.0,203.0,86794.0,191.0,430.0,5140.0,12.0,23.0,2304.0,19.0,0.8,2014
Костромская область,50.0,73.9,40.3,93.9,264.0,95883.0,249.0,538.0,5963.0,15.0,36.0,2346.0,21.0,0.9,2015
Костромская область,58.1,63.4,36.4,86.5,237.0,,,,,,,2407.0,20.0,0.8,2016
Костромская область,71.9,92.7,37.6,85.2,244.0,,,,,,,2409.0,22.0,0.9,2017
Костромская область,79.4,53.6,31.9,96.4,204.0,,,,,,,2391.0,18.0,0.8,2018
Костромская область,85.6,53.6,40.2,90.0,256.0,156886.0,276.0,752.0,4646.0,3.0,22.0,2415.0,21.0,0.9,2019
Краснодарский край,40.8,68.1,27.8,88.8,1469.0,760749.0,1778.0,2287.0,67910.0,82.0,90.0,21819.0,217.0,1.0,2012
Краснодарский край,42.6,69.0,29.9,88.2,1592.0,794491.0,2107.0,2629.0,74541.0,98.0,107.0,22247.0,231.0,1.0,2013
Краснодарский край,68.9,68.0,34.1,90.7,1859.0,805234.0,2384.0,3104.0,76005.0,190.0,214.0,21953.0,220.0,1.0,2014
Краснодарский край,65.9,68.0,41.2,92.2,2245.0,826036.0,2468.0,3094.0,109253.0,193.0,212.0,22050.0,219.0,1.0,2015
Краснодарский край,65.9,48.4,44.8,89.4,2472.0,,,,,,,22336.0,222.0,1.0,2016
Краснодарский край,74.3,90.0,32.3,89.4,1801.0,,,,,,,23981.0,341.0,1.4,2017
Краснодарский край,75.0,59.8,41.8,92.2,2353.0,,,,,,,24539.0,256.0,1.0,2018
Краснодарский край,77.7,61.4,38.8,94.2,2190.0,1376691.0,2797.0,4216.0,66942.0,57.0,97.0,24590.0,261.0,1.1,2019
Красноярский край,29.8,78.3,59.5,89.5,1688.0,661967.0,1924.0,11070.0,22320.0,30.0,95.0,14120.0,164.0,1.2,2012
Красноярский край,32.3,72.3,84.6,83.6,2408.0,645955.0,2496.0,12339.0,21692.0,22.0,98.0,14445.0,165.0,1.1,2013
Красноярский край,31.4,78.2,84.1,80.7,2403.0,637231.0,3410.0,19166.0,25152.0,39.0,141.0,14310.0,160.0,1.1,2014
Красноярский край,32.4,76.9,91.3,81.9,2611.0,614448.0,3589.0,18524.0,38779.0,46.0,260.0,13644.0,156.0,1.1,2015
Красноярский край,80.5,32.7,133.0,85.3,3812.0,,,,,,,13735.0,155.0,1.1,2016
Красноярский край,42.0,86.3,108.5,82.9,3121.0,,,,,,,14137.0,154.0,1.1,2017
Красноярский край,64.6,72.0,106.1,89.2,3051.0,,,,,,,14318.0,150.0,1.0,2018
Красноярский край,70.8,78.3,94.5,90.3,2715.0,729122.0,3394.0,18608.0,39422.0,27.0,444.0,14316.0,145.0,1.0,2019
Крымский федеральный округ,,,,,,,,,,,,,,,2012
Крымский федеральный округ,,,,,,,,,,,,,,,2013
Крымский федеральный округ,51.6,48.0,73.6,74.0,1690.0,224725.0,400.0,2189.0,14356.0,4.0,193.0,9641.0,132.0,1.4,2014
Крымский федеральный округ,49.8,43.6,46.0,86.3,1055.0,256345.0,517.0,3350.0,36781.0,65.0,364.0,9897.0,136.0,1.4,2015
Крымский федеральный округ,,,,,,,,,,,,,,,2016
Крымский федеральный округ,,,,,,,,,,,,,,,2017
Крымский федеральный округ,,,,,,,,,,,,,,,2018
Крымский федеральный округ,,,,,,,,,,,,,,,2019
Курганская область,31.9,62.7,94.7,84.0,849.0,159363.0,846.0,1155.0,3068.0,3.0,5.0,2680.0,29.0,1.1,2012
Курганская область,38.0,64.7,87.2,88.7,772.0,168666.0,764.0,1029.0,2682.0,8.0,9.0,2647.0,27.0,1.0,2013
Курганская область,41.1,71.4,81.4,86.3,708.0,165635.0,699.0,1134.0,3097.0,9.0,10.0,2625.0,26.0,1.0,2014
Курганская область,36.6,60.9,97.6,94.4,849.0,170955.0,837.0,1248.0,4652.0,12.0,15.0,2482.0,22.0,0.9,2015
Курганская область,62.8,40.8,66.2,89.6,571.0,,,,,,,2506.0,21.0,0.8,2016
Курганская область,53.3,90.2,89.6,92.6,765.0,,,,,,,2522.0,22.0,0.9,2017
Курганская область,60.6,86.9,81.9,90.9,688.0,,,,,,,2481.0,21.0,0.8,2018
Курганская область,69.8,79.2,83.7,93.0,699.0,206918.0,810.0,1292.0,3052.0,2.0,2.0,2422.0,21.0,0.9,2019
Курская область,50.8,78.9,10.4,88.0,117.0,212946.0,106.0,568.0,10297.0,13.0,41.0,6360.0,85.0,1.3,2012
Курская область,57.0,76.3,13.3,92.6,149.0,215414.0,138.0,462.0,9601.0,19.0,37.0,5732.0,80.0,1.4,2013
Курская область,57.0,77.0,18.7,89.7,209.0,205607.0,178.0,533.0,22423.0,31.0,65.0,5789.0,60.0,1.0,2014
Курская область,64.6,70.6,27.5,91.9,307.0,200527.0,270.0,732.0,20977.0,40.0,64.0,5490.0,55.0,1.0,2015
Курская область,67.1,64.1,25.3,92.1,283.0,,,,,,,5448.0,54.0,1.0,2016
Курская область,64.7,91.2,23.6,93.8,265.0,,,,,,,5529.0,58.0,1.0,2017
Курская область,72.7,70.9,29.8,93.1,331.0,,,,,,,5676.0,58.0,1.0,2018
Курская область,80.3,78.1,27.9,95.8,309.0,287973.0,322.0,1486.0,11346.0,4.0,21.0,5668.0,58.0,1.0,2019
Ленинградская область,21.6,82.7,65.3,81.5,1132.0,201106.0,1130.0,4728.0,9100.0,23.0,76.0,6024.0,53.0,0.9,2012
Ленинградская область,25.0,65.9,78.5,79.7,1375.0,194835.0,1101.0,4060.0,7667.0,27.0,39.0,6059.0,55.0,0.9,2013
Ленинградская область,28.6,67.5,69.0,79.4,1225.0,205962.0,1093.0,4052.0,8142.0,41.0,66.0,5930.0,51.0,0.9,2014
Ленинградская область,34.4,68.0,71.1,81.6,1262.0,231237.0,1140.0,2947.0,5289.0,25.0,40.0,5982.0,54.0,0.9,2015
Ленинградская область,68.8,37.4,46.8,84.0,833.0,,,,,,,6313.0,52.0,0.8,2016
Ленинградская область,47.4,94.4,43.4,82.9,777.0,,,,,,,6552.0,59.0,0.9,2017
Ленинградская область,65.6,64.0,45.1,84.6,825.0,,,,,,,7104.0,59.0,0.8,2018
Ленинградская область,71.6,79.1,44.9,91.0,830.0,444896.0,1020.0,1835.0,1686.0,21.0,25.0,6951.0,64.0,0.9,2019
Липецкая область,45.3,61.3,9.7,94.4,113.0,227753.0,100.0,165.0,12345.0,18.0,20.0,4849.0,66.0,1.4,2012
Липецкая область,43.9,95.6,12.8,92.9,149.0,231308.0,145.0,214.0,10161.0,19.0,21.0,4992.0,70.0,1.4,2013
Липецкая область,39.9,91.4,43.8,86.4,507.0,238817.0,535.0,743.0,22264.0,52.0,60.0,4943.0,77.0,1.6,2014
Липецкая область,42.3,94.5,51.6,87.5,598.0,245841.0,623.0,857.0,22588.0,50.0,59.0,4911.0,62.0,1.3,2015
Липецкая область,61.2,49.1,33.9,93.8,392.0,,,,,,,4887.0,64.0,1.3,2016
Липецкая область,57.6,86.8,31.6,97.1,365.0,,,,,,,4827.0,64.0,1.3,2017
Липецкая область,72.5,55.4,31.5,92.1,361.0,,,,,,,4732.0,50.0,1.1,2018
Липецкая область,83.9,54.7,30.4,85.7,348.0,305511.0,370.0,495.0,10762.0,17.0,19.0,4821.0,49.0,1.0,2019
Магаданская область,45.3,97.7,42.1,75.0,65.0,36324.0,52.0,125.0,5629.0,13.0,17.0,863.0,10.0,1.2,2012
Магаданская область,37.6,96.5,72.2,100.0,110.0,41993.0,102.0,120.0,6981.0,14.0,14.0,895.0,11.0,1.2,2013
Магаданская область,33.2,91.8,84.4,100.0,125.0,45305.0,95.0,160.0,9219.0,28.0,31.0,892.0,10.0,1.1,2014
Магаданская область,34.9,95.2,71.6,100.0,106.0,46488.0,85.0,164.0,7444.0,19.0,28.0,893.0,11.0,1.2,2015
Магаданская область,80.5,50.0,54.0,100.0,79.0,,,,,,,891.0,12.0,1.3,2016
Магаданская область,46.9,89.9,52.2,81.8,76.0,,,,,,,891.0,14.0,1.6,2017
Магаданская область,63.4,100.0,40.7,100.0,58.0,,,,,,,901.0,15.0,1.7,2018
Магаданская область,72.8,100.0,25.5,100.0,36.0,46683.0,65.0,88.0,7638.0,15.0,17.0,872.0,16.0,1.8,2019
Московская область,22.6,81.3,56.5,87.8,4068.0,986950.0,4822.0,12041.0,30463.0,169.0,278.0,27404.0,243.0,0.9,2012
Московская область,27.9,78.1,58.2,86.7,4105.0,1015391.0,5237.0,14168.0,37671.0,163.0,244.0,27830.0,234.0,0.8,2013
Московская область,30.2,75.1,62.8,89.0,4543.0,1046454.0,5649.0,13305.0,50381.0,203.0,293.0,27523.0,223.0,0.8,2014
Московская область,35.3,74.4,66.6,90.8,4817.0,1138349.0,6097.0,13921.0,159148.0,361.0,498.0,27789.0,242.0,0.9,2015
Московская область,82.5,48.6,35.2,93.5,2578.0,,,,,,,28208.0,247.0,0.9,2016
Московская область,55.6,97.5,40.0,94.5,2968.0,,,,,,,28682.0,256.0,0.9,2017
Московская область,70.6,84.8,35.4,95.2,2677.0,,,,,,,29064.0,226.0,0.8,2018
Московская область,76.3,85.7,32.5,95.6,2470.0,1861514.0,8485.0,18331.0,258712.0,226.0,364.0,32747.0,259.0,0.8,2019
Мурманская область,19.7,70.1,44.9,81.8,354.0,150850.0,358.0,887.0,4054.0,0.0,2.0,4418.0,46.0,1.0,2012
Мурманская область,24.7,72.2,47.4,77.1,370.0,151678.0,367.0,865.0,3323.0,3.0,11.0,4397.0,50.0,1.1,2013
Мурманская область,32.3,87.0,53.8,82.5,412.0,161413.0,382.0,944.0,7171.0,30.0,56.0,4260.0,45.0,1.1,2014
Мурманская область,35.4,88.2,40.3,82.2,309.0,151676.0,349.0,880.0,7368.0,13.0,31.0,4065.0,43.0,1.1,2015
Мурманская область,89.7,45.1,43.4,75.0,331.0,,,,,,,4026.0,50.0,1.2,2016
Мурманская область,47.9,91.6,49.4,85.5,374.0,,,,,,,4010.0,46.0,1.1,2017
Мурманская область,60.0,82.9,50.1,83.7,376.0,,,,,,,3921.0,44.0,1.1,2018
Мурманская область,72.1,91.3,50.0,91.2,374.0,219679.0,421.0,1042.0,8051.0,3.0,10.0,3833.0,47.0,1.2,2019
Ненецкий автономный округ,57.1,100.0,4.7,100.0,2.0,6925.0,0.0,5.0,934.0,1.0,2.0,212.0,3.0,1.4,2012
Ненецкий автономный округ,56.7,90.9,14.0,,6.0,6696.0,0.0,8.0,907.0,0.0,2.0,210.0,3.0,1.4,2013
Ненецкий автономный округ,56.3,86.5,13.8,100.0,6.0,7836.0,0.0,14.0,1095.0,0.0,1.0,214.0,3.0,1.4,2014
Ненецкий автономный округ,64.9,82.2,0.0,,,8152.0,0.0,27.0,1033.0,0.0,3.0,204.0,3.0,1.5,2015
Ненецкий автономный округ,82.8,64.6,31.9,100.0,14.0,,,,,,,212.0,3.0,1.4,2016
Ненецкий автономный округ,78.8,94.5,11.4,100.0,5.0,,,,,,,200.0,2.0,1.0,2017
Ненецкий автономный округ,83.9,100.0,13.7,100.0,6.0,,,,,,,209.0,2.0,1.0,2018
Ненецкий автономный округ,91.4,90.6,16.0,100.0,7.0,12697.0,0.0,42.0,644.0,0.0,2.0,227.0,3.0,1.3,2019
Нижегородская область,26.0,73.6,58.0,91.2,1911.0,676354.0,1885.0,2957.0,24635.0,26.0,26.0,15267.0,166.0,1.1,2012
Нижегородская область,29.7,73.1,64.6,81.5,2125.0,683401.0,2105.0,3136.0,27194.0,20.0,20.0,16203.0,167.0,1.0,2013
Нижегородская область,27.0,94.6,82.4,85.0,2694.0,702271.0,2625.0,4225.0,33778.0,69.0,100.0,16075.0,146.0,0.9,2014
Нижегородская область,31.7,77.4,89.3,82.2,2921.0,744415.0,2865.0,5413.0,43485.0,58.0,65.0,15449.0,150.0,1.0,2015
Нижегородская область,77.0,38.4,76.8,87.3,2503.0,,,,,,,15397.0,142.0,0.9,2016
Нижегородская область,53.2,95.6,55.1,88.6,1790.0,,,,,,,15134.0,145.0,1.0,2017
Нижегородская область,67.6,72.2,64.6,90.8,2082.0,,,,,,,15312.0,146.0,1.0,2018
Нижегородская область,82.1,68.9,68.3,94.8,2194.0,839308.0,2945.0,15259.0,41204.0,32.0,155.0,15464.0,144.0,0.9,2019
Новгородская область,15.2,94.3,60.7,73.4,382.0,102110.0,410.0,2376.0,4085.0,7.0,38.0,2607.0,27.0,1.0,2012
Новгородская область,18.1,82.4,59.8,74.2,374.0,108632.0,335.0,2104.0,5016.0,13.0,70.0,2643.0,24.0,0.9,2013
Новгородская область,22.0,84.4,47.0,84.0,291.0,122653.0,273.0,1733.0,7061.0,20.0,142.0,2632.0,24.0,0.9,2014
Новгородская область,24.0,73.2,63.8,84.7,395.0,129989.0,346.0,2182.0,9082.0,16.0,166.0,2650.0,24.0,0.9,2015
Новгородская область,73.5,30.4,47.6,80.0,293.0,,,,,,,2649.0,23.0,0.9,2016
Новгородская область,41.5,78.9,51.1,81.3,313.0,,,,,,,2625.0,25.0,1.0,2017
Новгородская область,54.7,57.5,55.9,82.0,337.0,,,,,,,2600.0,24.0,0.9,2018
Новгородская область,72.4,52.3,59.5,82.7,357.0,157937.0,355.0,3949.0,5816.0,4.0,57.0,2591.0,23.0,0.9,2019
Новосибирская область,20.7,55.6,113.6,74.0,3051.0,393272.0,4192.0,8844.0,30380.0,31.0,86.0,15141.0,160.0,1.1,2012
Новосибирская область,34.1,56.3,140.1,78.7,3795.0,470003.0,5138.0,11166.0,30971.0,44.0,100.0,15160.0,157.0,1.0,2013
Новосибирская область,31.7,61.7,149.4,75.3,4105.0,504254.0,5829.0,12819.0,41376.0,80.0,169.0,15335.0,128.0,0.8,2014
Новосибирская область,33.4,66.1,143.8,71.5,3950.0,524576.0,6005.0,13774.0,64192.0,127.0,244.0,14247.0,122.0,0.9,2015
Новосибирская область,72.4,25.3,126.6,73.9,3498.0,,,,,,,14023.0,130.0,0.9,2016
Новосибирская область,44.8,95.8,144.3,78.3,4010.0,,,,,,,14813.0,134.0,0.9,2017
Новосибирская область,55.4,63.2,135.1,88.5,3770.0,,,,,,,15089.0,141.0,0.9,2018
Новосибирская область,73.5,66.6,124.9,90.5,3488.0,980778.0,3418.0,14154.0,54671.0,70.0,122.0,15270.0,139.0,0.9,2019
Омская область,14.0,56.6,42.5,91.1,840.0,467502.0,831.0,3468.0,11689.0,9.0,102.0,10835.0,87.0,0.8,2012
Омская область,16.0,54.6,112.5,86.7,2221.0,485801.0,2212.0,5306.0,11751.0,9.0,31.0,10869.0,87.0,0.8,2013
Омская область,19.4,54.7,133.0,88.0,2630.0,455754.0,2597.0,5331.0,12888.0,33.0,81.0,10792.0,80.0,0.7,2014
Омская область,27.3,50.1,123.3,96.4,2439.0,454532.0,2423.0,5586.0,16219.0,16.0,38.0,10003.0,78.0,0.8,2015
Омская область,52.0,43.6,98.9,95.8,1957.0,,,,,,,9866.0,75.0,0.8,2016
Омская область,50.2,87.7,94.6,96.2,1867.0,,,,,,,10043.0,75.0,0.7,2017
Омская область,71.3,50.4,99.1,97.9,1935.0,,,,,,,9886.0,79.0,0.8,2018
Омская область,77.8,53.0,88.0,98.8,1710.0,597044.0,1710.0,4986.0,15306.0,8.0,24.0,9813.0,77.0,0.8,2019
Оренбургская область,35.7,61.6,86.1,88.4,1742.0,292819.0,2270.0,6278.0,10641.0,19.0,92.0,10428.0,163.0,1.6,2012
Оренбургская область,40.4,58.2,77.2,85.2,1556.0,315113.0,1959.0,7018.0,12461.0,17.0,65.0,9759.0,143.0,1.5,2013
Оренбургская область,43.9,80.0,80.0,88.7,1601.0,262634.0,1719.0,5406.0,13745.0,38.0,104.0,9947.0,122.0,1.2,2014
Оренбургская область,46.0,48.6,108.3,90.8,2167.0,284734.0,2346.0,6008.0,21769.0,30.0,88.0,9355.0,122.0,1.3,2015
Оренбургская область,49.2,64.8,95.0,89.6,1896.0,,,,,,,9288.0,120.0,1.3,2016
Оренбургская область,65.7,91.8,80.4,91.5,1600.0,,,,,,,9305.0,115.0,1.2,2017
Оренбургская область,65.0,45.9,90.8,91.4,1790.0,,,,,,,9162.0,122.0,1.3,2018
Оренбургская область,71.5,64.3,91.7,95.5,1800.0,475488.0,2333.0,7504.0,14853.0,15.0,41.0,9076.0,123.0,1.4,2019
Орловская область,32.7,81.3,17.9,92.3,140.0,120136.0,173.0,1538.0,4026.0,4.0,14.0,3182.0,34.0,1.1,2012
Орловская область,36.9,73.4,19.7,92.9,153.0,125373.0,175.0,1417.0,4547.0,8.0,44.0,3212.0,34.0,1.1,2013
Орловская область,0.0,72.2,27.6,91.4,211.0,133915.0,212.0,925.0,10122.0,39.0,68.0,3293.0,36.0,1.1,2014
Орловская область,40.1,74.0,40.5,90.5,310.0,134541.0,333.0,1187.0,10147.0,26.0,55.0,3382.0,33.0,1.0,2015
Орловская область,76.3,45.6,38.4,82.1,292.0,,,,,,,3369.0,37.0,1.1,2016
Орловская область,49.8,92.3,40.3,97.1,304.0,,,,,,,3355.0,38.0,1.1,2017
Орловская область,64.6,76.5,41.3,85.4,307.0,,,,,,,3309.0,42.0,1.3,2018
Орловская область,65.5,94.7,36.5,88.4,270.0,179773.0,306.0,1378.0,4650.0,6.0,15.0,3284.0,39.0,1.2,2019
Пензенская область,34.5,69.8,28.5,89.4,392.0,253511.0,446.0,600.0,7086.0,12.0,15.0,5379.0,64.0,1.2,2012
Пензенская область,38.4,71.9,27.7,102.2,379.0,257438.0,423.0,604.0,7367.0,13.0,14.0,5353.0,65.0,1.2,2013
Пензенская область,35.8,84.8,38.1,93.8,517.0,226224.0,647.0,925.0,9276.0,27.0,30.0,5464.0,53.0,1.0,2014
Пензенская область,37.3,80.5,56.4,86.1,765.0,234061.0,788.0,1002.0,10424.0,19.0,19.0,5246.0,50.0,1.0,2015
Пензенская область,73.7,38.1,39.7,85.2,536.0,,,,,,,5278.0,53.0,1.0,2016
Пензенская область,46.7,90.9,39.1,92.0,524.0,,,,,,,5589.0,54.0,1.0,2017
Пензенская область,63.5,85.0,37.1,92.2,491.0,,,,,,,5551.0,53.0,1.0,2018
Пензенская область,75.6,86.6,36.2,98.1,477.0,422370.0,671.0,1044.0,7271.0,17.0,17.0,5562.0,57.0,1.0,2019
Пермский край,13.3,66.4,100.1,85.5,2635.0,418842.0,2769.0,9028.0,10466.0,18.0,32.0,13164.0,155.0,1.2,2012
Пермский край,13.8,73.3,90.4,87.9,2382.0,394298.0,2608.0,8566.0,10440.0,13.0,24.0,13159.0,150.0,1.1,2013
Пермский край,24.3,65.9,111.9,86.2,2952.0,429816.0,3190.0,9756.0,13786.0,54.0,114.0,13413.0,148.0,1.1,2014
Пермский край,29.6,69.6,125.4,86.5,3308.0,480139.0,3864.0,12364.0,22056.0,42.0,55.0,12970.0,139.0,1.1,2015
Пермский край,64.0,27.9,125.1,90.3,3296.0,,,,,,,12975.0,150.0,1.2,2016
Пермский край,47.7,91.3,140.8,88.8,3705.0,,,,,,,13424.0,149.0,1.1,2017
Пермский край,54.3,82.1,152.5,90.7,3991.0,,,,,,,13323.0,154.0,1.2,2018
Пермский край,57.6,86.5,132.8,90.2,3467.0,644587.0,3394.0,14009.0,16481.0,20.0,34.0,13140.0,145.0,1.1,2019
Приволжский федеральный округ,30.1,69.3,57.4,87.9,17125.0,5536412.0,18681.0,55731.0,147437.0,218.0,517.0,137585.0,1570.0,1.1,2012
Приволжский федеральный округ,34.1,69.9,56.8,86.2,16917.0,5573034.0,19249.0,57281.0,156088.0,221.0,545.0,138149.0,1507.0,1.1,2013
Приволжский федеральный округ,37.3,77.8,63.6,87.8,18889.0,5666137.0,20900.0,62082.0,213265.0,485.0,1161.0,138660.0,1357.0,1.0,2014
Приволжский федеральный округ,41.9,72.9,71.6,88.2,21289.0,5638046.0,23908.0,68412.0,292092.0,465.0,1042.0,133662.0,1343.0,1.0,2015
Приволжский федеральный округ,76.5,44.1,69.6,88.8,20665.0,,,,,,,133031.0,1351.0,1.0,2016
Приволжский федеральный округ,53.1,90.5,67.9,89.9,20120.0,,,,,,,136263.0,1342.0,1.0,2017
Приволжский федеральный округ,62.3,77.8,68.2,91.0,20102.0,,,,,,,136060.0,1359.0,1.0,2018
Приволжский федеральный округ,72.3,81.6,63.7,93.1,18722.0,7752932.0,21392.0,82865.0,240825.0,274.0,777.0,136808.0,1349.0,1.0,2019
Приморский край,32.7,73.7,41.8,78.0,816.0,315818.0,907.0,3674.0,36584.0,21.0,49.0,10731.0,131.0,1.2,2012
Приморский край,35.3,74.6,46.5,71.1,906.0,322044.0,999.0,4198.0,26227.0,14.0,36.0,10073.0,125.0,1.2,2013
Приморский край,37.8,75.0,54.7,82.4,1057.0,346618.0,1145.0,4584.0,33794.0,43.0,152.0,10110.0,109.0,1.1,2014
Приморский край,39.2,75.8,63.6,75.8,1229.0,376210.0,1349.0,5896.0,34781.0,29.0,102.0,9654.0,109.0,1.1,2015
Приморский край,77.9,45.0,59.3,81.4,1143.0,,,,,,,9556.0,116.0,1.2,2016
Приморский край,33.6,92.6,45.1,79.5,868.0,,,,,,,9627.0,117.0,1.2,2017
Приморский край,56.4,76.8,59.2,80.6,1130.0,,,,,,,9602.0,112.0,1.2,2018
Приморский край,70.0,72.1,57.3,84.5,1090.0,475842.0,1408.0,5648.0,37020.0,21.0,47.0,9825.0,119.0,1.2,2019
Псковская область,34.9,58.2,15.9,87.5,106.0,101006.0,104.0,135.0,4005.0,4.0,4.0,2354.0,19.0,0.8,2012
Псковская область,39.9,81.4,16.9,90.6,112.0,100090.0,103.0,125.0,3794.0,9.0,9.0,2331.0,18.0,0.8,2013
Псковская область,49.3,85.3,20.9,92.3,136.0,100863.0,121.0,163.0,5891.0,20.0,21.0,2185.0,16.0,0.7,2014
Псковская область,57.3,83.5,20.0,89.3,130.0,103175.0,115.0,122.0,7158.0,15.0,16.0,2206.0,13.0,0.6,2015
Псковская область,72.9,80.3,16.7,90.5,108.0,,,,,,,2234.0,16.0,0.7,2016
Псковская область,64.8,82.1,16.8,96.7,108.0,,,,,,,2210.0,21.0,1.0,2017
Псковская область,78.2,77.0,20.2,84.6,128.0,,,,,,,2138.0,17.0,0.8,2018
Псковская область,88.4,76.8,21.6,78.1,136.0,161361.0,132.0,159.0,6629.0,4.0,7.0,1939.0,16.0,0.8,2019
Республика Адыгея,24.0,88.0,13.3,87.5,59.0,56036.0,63.0,65.0,2397.0,2.0,2.0,1726.0,32.0,1.9,2012
Республика Адыгея,24.7,93.6,17.8,71.4,79.0,60086.0,68.0,75.0,2813.0,0.0,0.0,1728.0,32.0,1.9,2013
Республика Адыгея,25.7,96.5,18.7,90.9,84.0,61402.0,73.0,78.0,4719.0,9.0,9.0,1733.0,34.0,2.0,2014
Республика Адыгея,26.3,96.2,20.7,90.0,93.0,61613.0,98.0,111.0,7075.0,11.0,11.0,1709.0,34.0,2.0,2015
Республика Адыгея,88.5,33.2,26.4,88.2,119.0,,,,,,,1706.0,24.0,1.4,2016
Республика Адыгея,48.0,88.9,17.0,86.7,77.0,,,,,,,1732.0,25.0,1.4,2017
Республика Адыгея,59.7,72.1,21.4,68.4,97.0,,,,,,,1769.0,24.0,1.4,2018
Республика Адыгея,73.8,85.4,25.1,100.0,114.0,120429.0,170.0,217.0,5236.0,3.0,4.0,1807.0,23.0,1.3,2019
Республика Алтай,25.8,63.1,23.5,100.0,49.0,41778.0,47.0,47.0,1308.0,2.0,2.0,902.0,13.0,1.4,2012
Республика Алтай,32.9,62.0,32.3,91.7,68.0,37879.0,63.0,64.0,1222.0,1.0,1.0,972.0,16.0,1.6,2013
Республика Алтай,36.6,58.4,44.5,100.0,95.0,39801.0,90.0,113.0,1229.0,1.0,1.0,1000.0,15.0,1.5,2014
Республика Алтай,36.8,56.1,46.3,100.0,99.0,39030.0,97.0,121.0,2203.0,2.0,3.0,962.0,15.0,1.6,2015
Республика Алтай,59.8,43.1,49.7,81.3,107.0,,,,,,,979.0,15.0,1.5,2016
Республика Алтай,57.4,84.1,55.8,88.9,121.0,,,,,,,1036.0,16.0,1.5,2017
Республика Алтай,73.6,63.4,47.1,100.0,103.0,,,,,,,1002.0,16.0,1.6,2018
Республика Алтай,80.4,67.6,40.7,87.5,89.0,69946.0,110.0,148.0,1622.0,3.0,3.0,986.0,16.0,1.6,2019
Республика Башкортостан,31.3,86.6,61.1,95.9,2485.0,845534.0,2451.0,3894.0,21193.0,34.0,47.0,16903.0,167.0,1.0,2012
Республика Башкортостан,33.6,72.8,60.9,94.5,2475.0,788256.0,2455.0,3753.0,22192.0,20.0,38.0,17043.0,167.0,1.0,2013
Республика Башкортостан,35.7,73.5,69.2,92.9,2818.0,771935.0,2806.0,4442.0,29214.0,58.0,88.0,17383.0,140.0,0.8,2014
Республика Башкортостан,39.5,74.5,71.4,97.3,2907.0,619994.0,2857.0,4509.0,32282.0,50.0,70.0,16382.0,136.0,0.8,2015
Республика Башкортостан,73.9,43.6,69.1,95.4,2813.0,,,,,,,16657.0,139.0,0.8,2016
Республика Башкортостан,46.4,88.9,67.3,94.5,2736.0,,,,,,,17098.0,143.0,0.8,2017
Республика Башкортостан,62.9,82.7,68.6,95.6,2782.0,,,,,,,17358.0,147.0,0.8,2018
Республика Башкортостан,76.5,84.6,53.4,98.0,2164.0,1023891.0,2666.0,4002.0,28037.0,39.0,56.0,17531.0,145.0,0.8,2019
Республика Бурятия,19.9,93.8,50.6,88.8,492.0,166201.0,652.0,2162.0,3141.0,2.0,9.0,4160.0,51.0,1.2,2012
Республика Бурятия,20.5,94.5,55.8,87.2,542.0,169517.0,728.0,2325.0,2449.0,2.0,5.0,4359.0,50.0,1.1,2013
Республика Бурятия,20.4,94.2,56.9,92.6,557.0,182242.0,725.0,2363.0,4099.0,13.0,34.0,4333.0,55.0,1.3,2014
Республика Бурятия,26.1,93.8,59.3,93.7,580.0,194632.0,859.0,2628.0,4757.0,8.0,18.0,4483.0,54.0,1.2,2015
Республика Бурятия,92.9,35.5,62.2,97.0,611.0,,,,,,,4564.0,54.0,1.2,2016
Республика Бурятия,46.8,93.2,64.9,96.6,639.0,,,,,,,4564.0,50.0,1.1,2017
Республика Бурятия,65.1,94.7,64.5,88.0,635.0,,,,,,,4488.0,53.0,1.2,2018
Республика Бурятия,70.3,95.1,61.5,98.3,605.0,272931.0,806.0,2770.0,6423.0,7.0,18.0,4449.0,53.0,1.2,2019
Республика Дагестан,22.2,71.5,7.1,92.0,208.0,396370.0,201.0,864.0,1981.0,1.0,5.0,11547.0,168.0,1.5,2012
Республика Дагестан,28.9,64.3,6.2,85.0,182.0,401546.0,181.0,852.0,2534.0,1.0,2.0,11672.0,162.0,1.4,2013
Республика Дагестан,31.8,67.4,7.1,97.1,212.0,270706.0,187.0,689.0,3459.0,0.0,3.0,11939.0,166.0,1.4,2014
Республика Дагестан,34.1,67.1,6.7,96.3,200.0,237432.0,158.0,519.0,4280.0,3.0,6.0,11066.0,140.0,1.3,2015
Республика Дагестан,66.9,45.3,7.0,94.6,210.0,,,,,,,11452.0,146.0,1.3,2016
Республика Дагестан,55.7,92.7,7.2,94.6,218.0,,,,,,,12284.0,149.0,1.2,2017
Республика Дагестан,61.6,74.7,8.0,95.5,247.0,,,,,,,12710.0,160.0,1.3,2018
Республика Дагестан,65.4,72.5,8.7,85.3,270.0,505272.0,261.0,713.0,16172.0,14.0,26.0,12856.0,163.0,1.3,2019
Республика Ингушетия,28.7,83.0,13.7,91.7,59.0,93249.0,56.0,89.0,151.0,0.0,0.0,1615.0,15.0,0.9,2012
Республика Ингушетия,29.4,86.3,13.1,81.3,58.0,91557.0,64.0,82.0,295.0,0.0,0.0,1708.0,16.0,0.9,2013
Республика Ингушетия,34.5,87.2,13.8,100.0,64.0,95977.0,64.0,81.0,758.0,4.0,4.0,1848.0,21.0,1.1,2014
Республика Ингушетия,44.6,79.6,12.3,100.0,57.0,106991.0,56.0,66.0,1564.0,1.0,1.0,1864.0,20.0,1.1,2015
Республика Ингушетия,95.9,45.7,12.3,85.7,58.0,,,,,,,1967.0,23.0,1.2,2016
Республика Ингушетия,51.3,95.2,13.3,85.7,64.0,,,,,,,2233.0,28.0,1.3,2017
Республика Ингушетия,57.7,92.0,8.1,100.0,40.0,,,,,,,2260.0,25.0,1.1,2018
Республика Ингушетия,75.6,92.4,9.9,62.5,49.0,126021.0,59.0,155.0,2629.0,2.0,6.0,2250.0,25.0,1.1,2019
Республика Калмыкия,67.1,67.4,5.9,60.0,17.0,47115.0,14.0,14.0,756.0,1.0,1.0,1476.0,18.0,1.2,2012
Республика Калмыкия,69.7,66.3,3.2,100.0,9.0,50390.0,14.0,14.0,703.0,0.0,0.0,1510.0,20.0,1.3,2013
Республика Калмыкия,25.7,82.7,6.8,100.0,19.0,39175.0,10.0,10.0,1114.0,9.0,9.0,1519.0,17.0,1.1,2014
Республика Калмыкия,26.3,80.1,11.0,80.0,31.0,44661.0,25.0,25.0,1603.0,1.0,1.0,1485.0,19.0,1.3,2015
Республика Калмыкия,88.5,69.3,9.0,85.7,25.0,,,,,,,1444.0,18.0,1.2,2016
Республика Калмыкия,48.0,91.8,5.4,100.0,15.0,,,,,,,1478.0,20.0,1.4,2017
Республика Калмыкия,59.7,91.8,8.4,83.3,23.0,,,,,,,1411.0,16.0,1.1,2018
Республика Калмыкия,73.8,92.3,8.4,100.0,23.0,68236.0,23.0,23.0,2116.0,0.0,0.0,1362.0,13.0,1.0,2019
Республика Карелия,26.4,85.2,19.9,89.5,127.0,89434.0,162.0,215.0,2935.0,6.0,10.0,3290.0,35.0,1.1,2012
Республика Карелия,32.6,45.6,25.1,82.1,160.0,89111.0,158.0,228.0,3579.0,2.0,3.0,3291.0,37.0,1.1,2013
Республика Карелия,35.6,50.1,28.9,88.6,183.0,88825.0,164.0,238.0,4994.0,19.0,26.0,3210.0,35.0,1.1,2014
Республика Карелия,45.2,65.3,31.5,90.3,199.0,87534.0,193.0,264.0,4111.0,7.0,10.0,3050.0,35.0,1.1,2015
Республика Карелия,69.4,44.2,24.1,90.6,152.0,,,,,,,3135.0,31.0,1.0,2016
Республика Карелия,45.5,91.7,37.3,90.0,234.0,,,,,,,3210.0,33.0,1.0,2017
Республика Карелия,57.3,59.5,53.0,87.2,329.0,,,,,,,3170.0,36.0,1.1,2018
Республика Карелия,67.2,58.4,55.5,86.2,343.0,186175.0,243.0,340.0,3081.0,1.0,3.0,3177.0,34.0,1.1,2019
Республика Коми,28.8,44.5,23.8,91.7,212.0,189167.0,239.0,759.0,6473.0,7.0,19.0,4263.0,40.0,0.9,2012
Республика Коми,31.5,52.1,23.8,91.2,210.0,188973.0,254.0,827.0,5562.0,6.0,12.0,4245.0,33.0,0.8,2013
Республика Коми,34.2,56.9,42.6,84.1,368.0,171365.0,425.0,806.0,7081.0,4.0,15.0,4209.0,31.0,0.7,2014
Республика Коми,32.3,59.7,58.0,80.4,501.0,174393.0,567.0,1133.0,5333.0,6.0,24.0,4144.0,34.0,0.8,2015
Республика Коми,72.5,32.5,43.4,92.3,372.0,,,,,,,4272.0,37.0,0.9,2016
Республика Коми,39.6,89.6,47.9,83.3,407.0,,,,,,,4324.0,35.0,0.8,2017
Республика Коми,69.6,68.6,55.2,73.1,461.0,,,,,,,4310.0,31.0,0.7,2018
Республика Коми,81.2,71.1,41.1,94.3,341.0,214664.0,446.0,1258.0,4796.0,3.0,14.0,4221.0,30.0,0.7,2019
Республика Крым,,,,,,,,,,,,,,,2012
Республика Крым,,,,,,,,,,,,,,,2013
Республика Крым,49.9,43.8,77.9,88.6,1476.0,,,,,,,8000.0,105.0,1.3,2014
Республика Крым,47.7,39.7,46.2,88.1,875.0,211995.0,337.0,2676.0,30979.0,39.0,272.0,8166.0,106.0,1.3,2015
Республика Крым,41.8,43.5,53.3,82.4,1017.0,,,,,,,8447.0,114.0,1.3,2016
Республика Крым,52.1,96.9,55.2,83.1,1055.0,,,,,,,8444.0,107.0,1.3,2017
Республика Крым,58.1,79.5,51.5,79.0,986.0,,,,,,,8741.0,111.0,1.3,2018
Республика Крым,71.7,66.2,58.2,79.8,1113.0,523269.0,1546.0,2660.0,21887.0,73.0,77.0,8479.0,103.0,1.2,2019
Республика Марий Эл,38.8,79.1,18.6,86.7,129.0,108766.0,176.0,223.0,1168.0,2.0,2.0,2397.0,35.0,1.5,2012
Республика Марий Эл,48.7,71.8,18.3,91.3,126.0,106186.0,248.0,293.0,980.0,0.0,0.0,2412.0,35.0,1.5,2013
Республика Марий Эл,57.5,64.3,19.9,97.2,137.0,110211.0,214.0,320.0,1838.0,15.0,16.0,2395.0,37.0,1.5,2014
Республика Марий Эл,59.5,61.9,20.9,90.9,144.0,74271.0,313.0,553.0,1646.0,4.0,4.0,2384.0,39.0,1.6,2015
Республика Марий Эл,63.2,62.9,26.2,82.1,180.0,,,,,,,2437.0,38.0,1.6,2016
Республика Марий Эл,64.5,89.8,42.2,93.3,289.0,,,,,,,2483.0,38.0,1.5,2017
Республика Марий Эл,65.5,92.0,42.0,89.2,286.0,,,,,,,2461.0,33.0,1.3,2018
Республика Марий Эл,74.2,98.7,38.8,95.2,264.0,167794.0,341.0,942.0,1222.0,1.0,1.0,2459.0,35.0,1.4,2019
Республика Мордовия,27.9,43.9,16.2,94.4,134.0,118241.0,122.0,584.0,3318.0,6.0,14.0,4303.0,52.0,1.2,2012
Республика Мордовия,31.4,43.6,17.7,96.3,145.0,129877.0,143.0,623.0,2868.0,2.0,10.0,4348.0,53.0,1.2,2013
Республика Мордовия,34.8,45.0,24.0,86.4,194.0,133942.0,185.0,1084.0,5437.0,9.0,48.0,4364.0,48.0,1.1,2014
Республика Мордовия,40.0,45.0,29.9,92.9,242.0,138558.0,235.0,850.0,6853.0,7.0,33.0,4340.0,53.0,1.2,2015
Республика Мордовия,45.4,42.6,25.8,96.2,208.0,,,,,,,4330.0,51.0,1.2,2016
Республика Мордовия,49.2,94.6,32.0,86.4,259.0,,,,,,,4290.0,50.0,1.2,2017
Республика Мордовия,64.7,45.2,24.4,97.1,195.0,,,,,,,4258.0,55.0,1.3,2018
Республика Мордовия,73.1,80.5,21.6,96.2,172.0,222598.0,200.0,1335.0,3583.0,2.0,10.0,4222.0,46.0,1.1,2019
Республика Саха (Якутия),38.1,81.9,10.1,90.9,97.0,187454.0,87.0,269.0,13471.0,10.0,25.0,5343.0,66.0,1.2,2012
Республика Саха (Якутия),40.8,85.4,12.7,94.4,121.0,201155.0,109.0,225.0,13816.0,13.0,18.0,5371.0,62.0,1.2,2013
Республика Саха (Якутия),41.9,83.1,12.3,85.7,118.0,202160.0,96.0,236.0,14792.0,22.0,34.0,5447.0,57.0,1.0,2014
Республика Саха (Якутия),41.9,79.8,14.5,94.4,139.0,208437.0,115.0,256.0,13569.0,23.0,30.0,5295.0,58.0,1.1,2015
Республика Саха (Якутия),75.8,40.3,15.1,84.6,145.0,,,,,,,5396.0,59.0,1.1,2016
Республика Саха (Якутия),44.4,90.1,12.3,94.4,118.0,,,,,,,5831.0,59.0,1.0,2017
Республика Саха (Якутия),58.5,83.7,9.8,100.0,95.0,,,,,,,5899.0,62.0,1.1,2018
Республика Саха (Якутия),82.9,82.7,11.7,87.5,113.0,262506.0,163.0,389.0,9381.0,14.0,14.0,5987.0,63.0,1.1,2019
Республика Северная Осетия-Алания,90.1,55.9,14.1,84.6,100.0,67315.0,96.0,96.0,1490.0,1.0,1.0,5012.0,84.0,1.7,2012
Республика Северная Осетия-Алания,92.8,53.8,17.3,100.0,122.0,80741.0,116.0,116.0,1719.0,0.0,0.0,5050.0,81.0,1.6,2013
Республика Северная Осетия-Алания,89.4,53.9,16.2,100.0,114.0,87132.0,118.0,118.0,3084.0,6.0,6.0,4961.0,62.0,1.2,2014
Республика Северная Осетия-Алания,87.0,55.7,20.8,81.0,147.0,100073.0,150.0,150.0,2458.0,7.0,7.0,4536.0,65.0,1.4,2015
Республика Северная Осетия-Алания,56.4,81.3,18.5,100.0,130.0,,,,,,,4684.0,64.0,1.4,2016
Республика Северная Осетия-Алания,85.3,82.3,25.5,100.0,179.0,,,,,,,4854.0,61.0,1.3,2017
Республика Северная Осетия-Алания,81.0,49.4,23.3,82.4,163.0,,,,,,,4702.0,85.0,1.8,2018
Республика Северная Осетия-Алания,90.6,91.1,23.3,100.0,163.0,200012.0,223.0,223.0,4067.0,3.0,3.0,4753.0,81.0,1.7,2019
Республика Татарстан (Татарстан),33.0,88.6,31.3,91.3,1191.0,1075679.0,1380.0,3510.0,20788.0,15.0,51.0,16029.0,207.0,1.3,2012
Республика Татарстан (Татарстан),45.7,88.9,31.2,92.7,1194.0,1156306.0,1384.0,3718.0,17313.0,16.0,34.0,15903.0,197.0,1.2,2013
Республика Татарстан (Татарстан),43.7,89.5,31.9,93.6,1231.0,1181313.0,1399.0,3718.0,20055.0,32.0,57.0,16228.0,158.0,1.0,2014
Республика Татарстан (Татарстан),57.1,89.2,34.1,96.7,1315.0,1182134.0,1451.0,4237.0,38193.0,32.0,75.0,15705.0,158.0,1.0,2015
Республика Татарстан (Татарстан),90.1,56.6,35.1,98.5,1359.0,,,,,,,15631.0,151.0,1.0,2016
Республика Татарстан (Татарстан),58.0,91.5,32.7,99.6,1269.0,,,,,,,16153.0,147.0,0.9,2017
Республика Татарстан (Татарстан),66.0,88.1,30.0,98.1,1167.0,,,,,,,16466.0,153.0,0.9,2018
Республика Татарстан (Татарстан),75.3,89.4,27.8,100.0,1085.0,1142618.0,1339.0,3224.0,40799.0,29.0,59.0,16718.0,153.0,0.9,2019
Республика Тыва,23.2,87.5,4.5,100.0,14.0,61658.0,15.0,46.0,388.0,0.0,1.0,1459.0,33.0,2.3,2012
Республика Тыва,18.0,78.2,4.2,100.0,13.0,66739.0,14.0,116.0,452.0,0.0,1.0,1490.0,30.0,2.0,2013
Республика Тыва,17.9,95.5,6.1,100.0,19.0,63700.0,19.0,116.0,439.0,1.0,1.0,1471.0,32.0,2.2,2014
Республика Тыва,26.0,91.4,6.7,75.0,21.0,67457.0,21.0,84.0,457.0,1.0,2.0,1544.0,31.0,2.0,2015
Республика Тыва,100.0,32.4,2.9,100.0,9.0,,,,,,,1598.0,29.0,1.8,2016
Республика Тыва,41.9,91.2,6.6,100.0,21.0,,,,,,,1701.0,28.0,1.6,2017
Республика Тыва,61.0,66.8,11.1,33.3,36.0,,,,,,,1669.0,29.0,1.7,2018
Республика Тыва,68.0,69.3,10.2,100.0,33.0,85586.0,33.0,81.0,859.0,0.0,0.0,1628.0,32.0,2.0,2019
Республика Хакасия,35.7,93.2,16.3,86.7,87.0,85439.0,86.0,104.0,1285.0,0.0,0.0,2058.0,34.0,1.7,2012
Республика Хакасия,40.8,85.7,18.8,95.8,100.0,84663.0,97.0,117.0,1656.0,3.0,3.0,2124.0,31.0,1.5,2013
Республика Хакасия,41.1,79.9,23.1,81.0,124.0,78840.0,123.0,164.0,1721.0,1.0,1.0,2145.0,30.0,1.4,2014
Республика Хакасия,39.9,66.5,67.4,86.8,361.0,80618.0,356.0,459.0,3273.0,1.0,5.0,2091.0,37.0,1.8,2015
Республика Хакасия,68.8,50.6,82.7,82.5,444.0,,,,,,,2229.0,35.0,1.6,2016
Республика Хакасия,59.6,75.2,58.2,82.4,313.0,,,,,,,2317.0,33.0,1.4,2017
Республика Хакасия,62.3,65.9,55.0,94.4,295.0,,,,,,,2255.0,34.0,1.5,2018
Республика Хакасия,68.3,84.5,56.3,86.8,302.0,141855.0,370.0,460.0,2337.0,3.0,3.0,2258.0,32.0,1.4,2019
Ростовская область,29.6,86.5,14.3,89.4,611.0,539161.0,870.0,2549.0,19514.0,37.0,67.0,17136.0,137.0,0.8,2012
Ростовская область,36.7,86.3,18.9,91.6,806.0,554638.0,922.0,2530.0,20843.0,26.0,48.0,16395.0,131.0,0.8,2013
Ростовская область,43.2,78.9,25.6,90.8,1086.0,558327.0,1186.0,3291.0,43074.0,127.0,230.0,16278.0,135.0,0.8,2014
Ростовская область,41.1,82.8,36.9,90.6,1564.0,594102.0,1783.0,4409.0,57974.0,144.0,290.0,15950.0,154.0,1.0,2015
Ростовская область,82.6,44.2,36.8,91.4,1557.0,,,,,,,15820.0,150.0,0.9,2016
Ростовская область,40.8,92.5,49.5,92.5,2094.0,,,,,,,15811.0,149.0,0.9,2017
Ростовская область,60.0,55.1,39.9,93.8,1679.0,,,,,,,15753.0,142.0,0.9,2018
Ростовская область,66.9,87.5,45.0,94.9,1889.0,1224741.0,2387.0,8080.0,38074.0,68.0,132.0,15587.0,153.0,1.0,2019
Рязанская область,33.6,69.5,27.2,90.2,312.0,169679.0,260.0,667.0,16226.0,22.0,20.0,5989.0,56.0,0.9,2012
Рязанская область,33.4,69.5,30.0,94.1,343.0,167277.0,327.0,660.0,17783.0,14.0,15.0,5882.0,55.0,0.9,2013
Рязанская область,34.8,68.5,34.0,87.5,386.0,159658.0,340.0,628.0,18841.0,47.0,51.0,5914.0,47.0,0.8,2014
Рязанская область,44.3,67.4,36.1,90.3,410.0,167136.0,354.0,690.0,27205.0,57.0,67.0,5408.0,43.0,0.8,2015
Рязанская область,68.6,44.7,23.8,90.4,269.0,,,,,,,5831.0,43.0,0.7,2016
Рязанская область,55.2,94.6,30.3,88.1,341.0,,,,,,,5683.0,44.0,0.8,2017
Рязанская область,61.2,66.2,30.8,92.5,344.0,,,,,,,5738.0,44.0,0.8,2018
Рязанская область,71.3,66.6,35.7,83.3,398.0,279358.0,382.0,763.0,10350.0,16.0,18.0,5837.0,42.0,0.7,2019
Самарская область,32.2,60.4,112.8,81.9,3626.0,525470.0,3955.0,15989.0,20830.0,48.0,114.0,15211.0,134.0,0.9,2012
Самарская область,36.9,62.1,115.4,79.3,3708.0,528972.0,4558.0,15340.0,27322.0,83.0,179.0,15326.0,133.0,0.9,2013
Самарская область,41.1,76.2,99.5,82.7,3196.0,578520.0,4157.0,15113.0,43526.0,89.0,229.0,14873.0,133.0,0.9,2014
Самарская область,47.1,77.7,104.3,83.2,3351.0,578524.0,4456.0,16306.0,68121.0,142.0,359.0,14562.0,130.0,0.9,2015
Самарская область,95.5,47.4,106.9,83.7,3427.0,,,,,,,14714.0,132.0,0.9,2016
Самарская область,56.2,91.2,104.1,86.4,3336.0,,,,,,,15309.0,137.0,0.9,2017
Самарская область,64.5,103.2,99.3,87.8,3167.0,,,,,,,15199.0,130.0,0.9,2018
Самарская область,76.1,100.0,96.7,90.5,3079.0,795760.0,2907.0,19446.0,49457.0,69.0,278.0,15507.0,138.0,0.9,2019
Саратовская область,36.7,72.8,43.2,88.3,1084.0,302521.0,1062.0,4699.0,14046.0,22.0,82.0,13205.0,126.0,1.0,2012
Саратовская область,39.5,79.3,45.5,85.1,1138.0,321598.0,1126.0,6054.0,13108.0,12.0,79.0,13356.0,109.0,0.8,2013
Саратовская область,41.9,78.3,54.5,88.2,1359.0,344701.0,1319.0,7660.0,19582.0,40.0,228.0,13266.0,103.0,0.8,2014
Саратовская область,45.3,79.6,58.3,88.2,1454.0,360749.0,1420.0,6346.0,20265.0,34.0,138.0,12099.0,99.0,0.8,2015
Саратовская область,79.4,45.7,49.6,85.0,1234.0,,,,,,,11894.0,116.0,1.0,2016
Саратовская область,52.4,86.7,48.4,89.8,1200.0,,,,,,,12402.0,110.0,0.9,2017
Саратовская область,60.1,80.9,46.9,84.8,1150.0,,,,,,,12332.0,107.0,0.9,2018
Саратовская область,73.3,75.5,47.9,91.9,1168.0,626943.0,1303.0,6740.0,17564.0,28.0,67.0,12307.0,109.0,0.9,2019
Сахалинская область,30.5,88.3,16.8,100.0,83.0,115198.0,76.0,433.0,11477.0,7.0,18.0,2526.0,36.0,1.4,2012
Сахалинская область,33.9,91.1,14.8,100.0,73.0,118183.0,65.0,304.0,9382.0,8.0,22.0,2569.0,36.0,1.4,2013
Сахалинская область,39.0,88.5,27.0,85.7,132.0,121614.0,123.0,449.0,10254.0,10.0,14.0,2402.0,34.0,1.4,2014
Сахалинская область,47.0,78.9,46.3,85.7,226.0,125266.0,206.0,654.0,15344.0,22.0,47.0,2636.0,38.0,1.4,2015
Сахалинская область,82.2,49.5,45.1,75.0,220.0,,,,,,,2729.0,38.0,1.4,2016
Сахалинская область,54.1,89.7,51.7,83.3,252.0,,,,,,,2864.0,36.0,1.3,2017
Сахалинская область,64.1,89.2,46.9,86.7,230.0,,,,,,,2843.0,35.0,1.2,2018
Сахалинская область,73.5,87.5,45.7,82.1,224.0,161396.0,217.0,742.0,15350.0,7.0,11.0,3104.0,39.0,1.3,2019
Свердловская область,30.4,76.8,136.1,87.3,5862.0,737863.0,5981.0,20955.0,44674.0,46.0,286.0,18426.0,231.0,1.3,2012
Свердловская область,36.2,72.7,150.8,84.6,6509.0,854474.0,6643.0,23972.0,45475.0,40.0,330.0,19209.0,246.0,1.3,2013
Свердловская область,44.4,72.1,169.3,84.2,7326.0,866322.0,7367.0,27928.0,48974.0,89.0,347.0,18957.0,223.0,1.2,2014
Свердловская область,44.9,71.0,169.9,85.7,7352.0,850607.0,7141.0,26749.0,72638.0,105.0,444.0,18374.0,210.0,1.1,2015
Свердловская область,74.4,50.6,145.3,84.0,6293.0,,,,,,,18556.0,227.0,1.2,2016
Свердловская область,49.1,95.6,143.6,89.0,6216.0,,,,,,,18178.0,223.0,1.2,2017
Свердловская область,58.4,78.1,132.0,88.8,5705.0,,,,,,,18658.0,210.0,1.1,2018
Свердловская область,64.4,96.4,121.3,90.7,5235.0,1037142.0,5349.0,23430.0,59077.0,45.0,141.0,18832.0,225.0,1.2,2019
Северо-Западный федеральный округ,29.9,62.4,49.7,82.0,6788.0,2041811.0,10205.0,25704.0,299224.0,537.0,791.0,78241.0,888.0,1.1,2012
Северо-Западный федеральный округ,34.2,62.9,51.2,83.1,7021.0,2051931.0,10646.0,26444.0,373382.0,737.0,1043.0,79522.0,903.0,1.1,2013
Северо-Западный федеральный округ,39.4,66.7,51.8,85.8,7168.0,2204863.0,11508.0,31438.0,476907.0,986.0,1476.0,79655.0,717.0,0.9,2014
Северо-Западный федеральный округ,43.1,69.1,52.5,86.8,7268.0,2280382.0,11059.0,27292.0,365909.0,602.0,990.0,75451.0,739.0,1.0,2015
Северо-Западный федеральный округ,70.9,45.9,42.2,88.0,5847.0,,,,,,,78358.0,753.0,1.0,2016
Северо-Западный федеральный округ,51.3,91.1,40.4,89.1,5616.0,,,,,,,81121.0,814.0,1.0,2017
Северо-Западный федеральный округ,64.7,71.9,46.8,88.9,6535.0,,,,,,,82051.0,802.0,1.0,2018
Северо-Западный федеральный округ,70.6,74.6,43.8,91.4,6123.0,3615427.0,10923.0,28933.0,400727.0,318.0,501.0,83664.0,833.0,1.0,2019
Северо-Кавказский федеральный округ,34.8,60.8,9.9,90.3,938.0,1269881.0,991.0,1845.0,19298.0,16.0,23.0,39753.0,436.0,1.1,2012
Северо-Кавказский федеральный округ,42.0,60.3,9.9,90.2,940.0,1434008.0,1072.0,1930.0,22305.0,22.0,26.0,39503.0,445.0,1.1,2013
Северо-Кавказский федеральный округ,45.3,59.8,11.9,95.4,1148.0,1288378.0,1200.0,1972.0,34440.0,79.0,85.0,40226.0,435.0,1.1,2014
Северо-Кавказский федеральный округ,51.9,60.2,15.7,90.5,1521.0,1319251.0,1547.0,2225.0,41408.0,77.0,90.0,38387.0,411.0,1.1,2015
Северо-Кавказский федеральный округ,62.3,52.2,17.7,86.1,1716.0,,,,,,,39793.0,422.0,1.1,2016
Северо-Кавказский федеральный округ,57.3,90.9,16.0,91.6,1566.0,,,,,,,41307.0,434.0,1.1,2017
Северо-Кавказский федеральный округ,65.3,63.9,17.8,86.4,1754.0,,,,,,,42092.0,507.0,1.2,2018
Северо-Кавказский федеральный округ,74.6,79.0,16.8,89.5,1660.0,2396166.0,2210.0,3426.0,53269.0,39.0,61.0,42617.0,513.0,1.2,2019
Сибирский федеральный округ,20.4,67.6,93.4,81.8,17984.0,3657007.0,20396.0,49955.0,137148.0,158.0,496.0,98504.0,1132.0,1.1,2012
Сибирский федеральный округ,24.8,64.9,117.4,82.6,22633.0,3775496.0,24556.0,57687.0,137865.0,165.0,538.0,97206.0,1091.0,1.1,2013
Сибирский федеральный округ,26.1,66.4,128.1,74.6,24745.0,3805071.0,27817.0,71130.0,161472.0,333.0,865.0,96686.0,1027.0,1.1,2014
Сибирский федеральный округ,29.1,67.6,131.5,86.5,25396.0,3897590.0,29086.0,73852.0,227423.0,389.0,1011.0,90863.0,968.0,1.1,2015
Сибирский федеральный округ,71.9,30.3,120.0,87.0,23192.0,,,,,,,91755.0,978.0,1.1,2016
Сибирский федеральный округ,43.0,88.0,115.1,89.3,22249.0,,,,,,,93958.0,960.0,1.0,2017
Сибирский федеральный округ,62.7,60.0,124.9,92.8,21489.0,,,,,,,83998.0,856.0,1.0,2018
Сибирский федеральный округ,71.4,83.9,107.8,93.7,18514.0,4982726.0,20945.0,70922.0,194530.0,200.0,909.0,83606.0,862.0,1.0,2019
Смоленская область,33.5,73.6,18.9,92.0,185.0,226665.0,222.0,642.0,9484.0,10.0,10.0,5351.0,49.0,0.9,2012
Смоленская область,35.8,65.3,30.8,81.5,300.0,242125.0,333.0,890.0,10077.0,14.0,21.0,5303.0,45.0,0.8,2013
Смоленская область,37.4,65.3,34.4,88.6,332.0,232968.0,303.0,904.0,17369.0,62.0,93.0,5259.0,40.0,0.8,2014
Смоленская область,41.4,64.9,27.6,93.3,266.0,225834.0,244.0,767.0,13375.0,30.0,31.0,4803.0,37.0,0.8,2015
Смоленская область,59.0,53.9,20.9,82.1,200.0,,,,,,,4850.0,35.0,0.7,2016
Смоленская область,61.9,85.2,22.1,92.9,211.0,,,,,,,4946.0,40.0,0.8,2017
Смоленская область,67.3,53.0,27.1,77.4,256.0,,,,,,,4856.0,42.0,0.9,2018
Смоленская область,74.9,66.6,27.8,91.4,262.0,238277.0,326.0,1088.0,7395.0,11.0,11.0,4821.0,44.0,0.9,2019
Ставропольский край,19.3,57.4,8.9,86.5,249.0,324692.0,354.0,471.0,11512.0,7.0,10.0,12513.0,87.0,0.7,2012
Ставропольский край,34.5,64.9,8.4,93.3,235.0,415656.0,373.0,484.0,12536.0,14.0,17.0,11833.0,84.0,0.7,2013
Ставропольский край,36.6,65.8,16.3,94.1,457.0,449094.0,537.0,755.0,19710.0,60.0,63.0,12120.0,86.0,0.7,2014
Ставропольский край,51.9,65.8,26.5,88.5,742.0,455539.0,834.0,1064.0,21967.0,45.0,48.0,11564.0,87.0,0.8,2015
Ставропольский край,60.8,45.4,34.8,81.0,975.0,,,,,,,11942.0,86.0,0.7,2016
Ставропольский край,52.6,91.7,25.4,92.1,711.0,,,,,,,12086.0,91.0,0.8,2017
Ставропольский край,65.0,72.8,28.4,88.0,795.0,,,,,,,12283.0,119.0,1.0,2018
Ставропольский край,70.2,85.7,23.9,90.7,669.0,816714.0,1166.0,1566.0,17220.0,15.0,19.0,12387.0,124.0,1.0,2019
Тамбовская область,44.0,61.8,12.6,92.0,136.0,140595.0,115.0,523.0,6183.0,9.0,13.0,3679.0,30.0,0.8,2012
Тамбовская область,50.5,63.8,12.0,100.0,129.0,140008.0,106.0,516.0,6970.0,12.0,12.0,3689.0,30.0,0.8,2013
Тамбовская область,50.9,71.9,14.8,92.3,157.0,150240.0,130.0,720.0,12872.0,44.0,92.0,3675.0,32.0,0.9,2014
Тамбовская область,53.5,69.5,16.2,85.7,172.0,153205.0,150.0,681.0,9870.0,15.0,32.0,3763.0,37.0,1.0,2015
Тамбовская область,71.3,67.9,12.0,96.9,126.0,,,,,,,3849.0,36.0,0.9,2016
Тамбовская область,65.4,94.2,20.1,92.3,209.0,,,,,,,3892.0,40.0,1.0,2017
Тамбовская область,66.1,96.2,24.8,92.0,254.0,,,,,,,3892.0,36.0,0.9,2018
Тамбовская область,70.8,96.9,23.6,80.0,240.0,262419.0,250.0,791.0,7513.0,11.0,16.0,4061.0,34.0,0.8,2019
Тверская область,29.1,82.0,56.2,83.0,754.0,141318.0,752.0,1076.0,17925.0,15.0,15.0,7168.0,66.0,0.9,2012
Тверская область,35.0,76.6,52.5,89.5,701.0,146003.0,691.0,1176.0,19443.0,18.0,20.0,6296.0,60.0,1.0,2013
Тверская область,38.6,79.7,68.7,84.0,904.0,148387.0,784.0,2046.0,27354.0,60.0,83.0,6272.0,47.0,0.7,2014
Тверская область,40.8,81.5,73.1,87.5,961.0,160586.0,1007.0,1261.0,36321.0,71.0,97.0,5660.0,50.0,0.9,2015
Тверская область,72.1,40.6,82.5,88.4,1076.0,,,,,,,5722.0,52.0,0.9,2016
Тверская область,49.8,92.8,43.3,87.9,562.0,,,,,,,5861.0,52.0,0.9,2017
Тверская область,53.3,79.6,43.2,85.6,552.0,,,,,,,5797.0,50.0,0.9,2018
Тверская область,66.4,80.1,51.5,88.9,654.0,313497.0,1100.0,1375.0,21729.0,17.0,19.0,5718.0,45.0,0.8,2019
Томская область,25.3,90.5,20.9,87.8,221.0,200841.0,379.0,425.0,6019.0,4.0,4.0,6583.0,100.0,1.5,2012
Томская область,16.9,62.2,173.0,69.1,1841.0,211774.0,2105.0,2333.0,7483.0,4.0,4.0,6540.0,93.0,1.4,2013
Томская область,15.7,72.6,149.0,82.3,1601.0,222011.0,1874.0,2052.0,9926.0,17.0,18.0,6577.0,82.0,1.2,2014
Томская область,16.8,74.6,164.0,93.2,1762.0,241637.0,1905.0,2041.0,11773.0,12.0,12.0,5758.0,82.0,1.4,2015
Томская область,77.3,19.9,120.1,94.7,1293.0,,,,,,,5913.0,88.0,1.5,2016
Томская область,26.2,89.4,115.5,96.2,1246.0,,,,,,,6008.0,78.0,1.3,2017
Томская область,67.6,61.5,96.2,98.9,1037.0,,,,,,,6257.0,91.0,1.5,2018
Томская область,82.4,,85.9,97.4,925.0,277749.0,1357.0,1502.0,11647.0,11.0,13.0,6082.0,83.0,1.4,2019
Тульская область,23.7,77.6,42.4,93.4,655.0,208284.0,603.0,3481.0,24379.0,52.0,115.0,5165.0,49.0,0.9,2012
Тульская область,27.1,78.1,44.3,83.1,679.0,216247.0,647.0,3726.0,23590.0,30.0,64.0,5110.0,50.0,1.0,2013
Тульская область,33.6,82.0,48.8,87.3,738.0,233268.0,670.0,3925.0,28276.0,68.0,160.0,5244.0,54.0,1.0,2014
Тульская область,40.0,82.3,54.0,89.1,818.0,248443.0,732.0,4396.0,45929.0,86.0,182.0,5296.0,52.0,1.0,2015
Тульская область,80.4,45.1,57.7,93.5,869.0,,,,,,,5430.0,50.0,0.9,2016
Тульская область,54.7,90.4,49.8,85.1,746.0,,,,,,,5517.0,53.0,1.0,2017
Тульская область,66.3,70.2,53.7,94.6,798.0,,,,,,,5454.0,51.0,0.9,2018
Тульская область,73.8,76.2,56.1,90.9,829.0,417117.0,869.0,5243.0,37042.0,31.0,91.0,5650.0,58.0,1.0,2019
Тюменская область,27.2,72.6,86.9,88.4,3007.0,254157.0,1692.0,3046.0,19070.0,23.0,30.0,17895.0,260.0,1.5,2012
Тюменская область,32.3,61.0,103.1,84.2,1428.0,319012.0,1956.0,3342.0,17741.0,27.0,45.0,18348.0,279.0,1.5,2013
Тюменская область,,,,,1581.0,286909.0,2183.0,3143.0,23047.0,56.0,74.0,18377.0,274.0,1.5,2014
Тюменская область,,,,,1741.0,297219.0,2411.0,3761.0,24351.0,47.0,67.0,18416.0,266.0,1.4,2015
Тюменская область,,,,,1968.0,,,,,,,18826.0,265.0,1.4,2016
Тюменская область,53.2,89.5,139.2,87.2,2057.0,,,,,,,20035.0,269.0,1.3,2017
Тюменская область,,,,,,,,,,,,20533.0,282.0,1.4,2018
Тюменская область,,,,,,461498.0,2074.0,3069.0,26923.0,30.0,47.0,21006.0,287.0,1.4,2019
Удмуртская Республика,29.4,68.5,36.2,92.8,549.0,197742.0,615.0,3121.0,3908.0,1.0,12.0,8337.0,113.0,1.4,2012
Удмуртская Республика,34.7,92.6,29.7,93.3,450.0,201822.0,670.0,3265.0,5021.0,6.0,44.0,8176.0,109.0,1.3,2013
Удмуртская Республика,38.2,89.1,52.2,93.9,792.0,210596.0,891.0,4305.0,6608.0,12.0,88.0,8149.0,105.0,1.3,2014
Удмуртская Республика,36.3,87.1,69.6,84.8,1056.0,221207.0,1169.0,5434.0,8392.0,11.0,88.0,8394.0,104.0,1.2,2015
Удмуртская Республика,107.3,24.4,73.8,92.2,1120.0,,,,,,,7505.0,100.0,1.3,2016
Удмуртская Республика,50.3,87.3,85.0,91.0,1289.0,,,,,,,7715.0,98.0,1.3,2017
Удмуртская Республика,62.3,76.0,70.1,94.1,1059.0,,,,,,,7431.0,102.0,1.4,2018
Удмуртская Республика,77.3,89.1,64.7,86.2,975.0,361771.0,1280.0,6255.0,7472.0,5.0,33.0,7452.0,97.0,1.3,2019
Ульяновская область,32.5,78.7,74.0,88.6,949.0,189928.0,1217.0,4000.0,4566.0,9.0,19.0,4762.0,43.0,0.9,2012
Ульяновская область,37.1,77.4,69.4,87.4,884.0,175800.0,1150.0,3946.0,4536.0,13.0,27.0,4924.0,41.0,0.8,2013
Ульяновская область,39.4,80.8,81.3,89.3,1026.0,183180.0,1291.0,4010.0,8174.0,25.0,37.0,5056.0,44.0,0.9,2014
Ульяновская область,41.4,81.2,95.1,91.6,1201.0,190623.0,1541.0,4375.0,11672.0,26.0,34.0,4910.0,43.0,0.9,2015
Ульяновская область,89.1,39.9,125.3,87.6,1576.0,,,,,,,5006.0,42.0,0.8,2016
Ульяновская область,41.0,87.7,117.1,83.7,1467.0,,,,,,,5152.0,42.0,0.8,2017
Ульяновская область,54.7,86.6,106.6,89.7,1324.0,,,,,,,5180.0,44.0,0.8,2018
Ульяновская область,64.7,67.5,103.0,89.6,1276.0,325259.0,1266.0,1784.0,7822.0,10.0,16.0,5224.0,45.0,0.9,2019
Уральский федеральный округ,28.1,74.1,103.1,86.8,12522.0,2299921.0,13462.0,44831.0,147312.0,168.0,495.0,53556.0,722.0,1.3,2012
Уральский федеральный округ,32.8,71.9,110.0,86.1,13417.0,2495445.0,14370.0,50534.0,152150.0,174.0,540.0,54782.0,755.0,1.4,2013
Уральский федеральный округ,38.1,71.7,127.1,85.5,15598.0,2553182.0,16801.0,60226.0,179468.0,364.0,817.0,54825.0,703.0,1.3,2014
Уральский федеральный округ,41.2,70.4,135.5,86.8,16633.0,2618674.0,17810.0,61409.0,209950.0,326.0,869.0,53056.0,677.0,1.3,2015
Уральский федеральный округ,73.1,42.7,116.7,84.5,14367.0,,,,,,,54014.0,684.0,1.3,2016
Уральский федеральный округ,49.7,91.6,117.5,89.2,14504.0,,,,,,,55575.0,696.0,1.3,2017
Уральский федеральный округ,59.8,76.6,108.2,90.3,13367.0,,,,,,,56280.0,683.0,1.2,2018
Уральский федеральный округ,71.3,86.5,101.3,92.5,12514.0,3493865.0,14480.0,57112.0,178423.0,161.0,426.0,56918.0,703.0,1.2,2019
Хабаровский край,27.3,78.5,18.3,94.4,246.0,272501.0,226.0,1055.0,22001.0,20.0,46.0,8027.0,91.0,1.1,2012
Хабаровский край,25.7,74.8,18.0,93.2,242.0,274710.0,236.0,642.0,22355.0,6.0,12.0,7762.0,82.0,1.1,2013
Хабаровский край,32.8,82.9,18.8,100.0,251.0,293778.0,228.0,837.0,20995.0,18.0,36.0,7550.0,57.0,0.8,2014
Хабаровский край,32.1,78.1,28.1,100.0,376.0,294783.0,349.0,804.0,27884.0,25.0,68.0,7135.0,56.0,0.8,2015
Хабаровский край,72.3,46.4,29.4,97.8,392.0,,,,,,,7727.0,68.0,0.9,2016
Хабаровский край,46.9,94.4,28.4,91.3,378.0,,,,,,,7636.0,70.0,0.9,2017
Хабаровский край,60.7,86.9,35.7,92.3,473.0,,,,,,,7554.0,78.0,1.0,2018
Хабаровский край,70.0,88.5,28.4,90.2,375.0,370963.0,464.0,1221.0,25507.0,9.0,37.0,7417.0,72.0,1.0,2019
Ханты-Мансийский автономный округ - Югра,26.2,79.5,102.0,91.4,1593.0,335275.0,1786.0,5367.0,38107.0,50.0,66.0,8559.0,126.0,1.5,2012
Ханты-Мансийский автономный округ - Югра,27.9,80.8,92.7,94.9,1468.0,341425.0,1738.0,5186.0,41293.0,43.0,64.0,8458.0,129.0,1.5,2013
Ханты-Мансийский автономный округ - Югра,31.1,83.6,107.7,91.2,1736.0,346200.0,2019.0,5824.0,55979.0,118.0,172.0,8585.0,139.0,1.6,2014
Ханты-Мансийский автономный округ - Югра,36.8,82.3,107.1,92.1,1727.0,356780.0,2112.0,6275.0,56817.0,92.0,163.0,8690.0,123.0,1.4,2015
Ханты-Мансийский автономный округ - Югра,81.7,41.6,90.2,87.6,1467.0,,,,,,,8762.0,125.0,1.4,2016
Ханты-Мансийский автономный округ - Югра,48.9,89.3,83.7,92.3,1378.0,,,,,,,9286.0,127.0,1.4,2017
Ханты-Мансийский автономный округ - Югра,64.0,75.2,82.1,93.7,1362.0,,,,,,,9401.0,136.0,1.4,2018
Ханты-Мансийский автономный округ - Югра,79.4,79.2,71.7,91.2,1193.0,587831.0,1521.0,2815.0,44202.0,28.0,60.0,9588.0,143.0,1.5,2019
Центральный федеральный округ,30.9,55.3,40.7,88.4,15700.0,7971627.0,23901.0,55211.0,282060.0,764.0,1255.0,199436.0,1718.0,0.9,2012
Центральный федеральный округ,36.0,53.4,40.0,86.9,15466.0,8143345.0,24767.0,60314.0,439343.0,920.0,1428.0,198137.0,1688.0,0.9,2013
Центральный федеральный округ,38.9,51.7,44.2,89.0,17222.0,8782838.0,26011.0,81320.0,545468.0,1576.0,3022.0,195500.0,1466.0,0.7,2014
Центральный федеральный округ,43.2,54.5,49.9,90.7,19445.0,8770116.0,29149.0,99110.0,891560.0,2173.0,4488.0,180432.0,1391.0,0.8,2015
Центральный федеральный округ,71.7,50.3,30.6,92.4,11949.0,,,,,,,181718.0,1390.0,0.8,2016
Центральный федеральный округ,56.2,95.1,33.0,87.9,12938.0,,,,,,,183888.0,1428.0,0.8,2017
Центральный федеральный округ,65.4,72.6,31.5,92.3,12405.0,,,,,,,187786.0,1421.0,0.8,2018
Центральный федеральный округ,72.3,74.4,31.4,92.9,12381.0,11732220.0,36725.0,122519.0,1136633.0,1071.0,2624.0,195706.0,1453.0,0.7,2019
Челябинская область,23.1,71.7,80.6,84.0,2804.0,677148.0,2996.0,13822.0,20139.0,21.0,80.0,14555.0,202.0,1.4,2012
Челябинская область,27.2,71.8,87.9,84.5,3064.0,681228.0,3093.0,16479.0,17950.0,18.0,44.0,14578.0,203.0,1.4,2013
Челябинская область,28.3,68.5,117.1,84.1,4095.0,760110.0,4381.0,21634.0,18161.0,36.0,145.0,14866.0,180.0,1.2,2014
Челябинская область,34.8,68.1,135.8,82.4,4751.0,809873.0,5103.0,22707.0,33121.0,47.0,147.0,13784.0,179.0,1.3,2015
Челябинская область,73.4,37.4,108.4,80.5,3795.0,,,,,,,14126.0,171.0,1.2,2016
Челябинская область,47.4,86.1,108.7,88.6,3807.0,,,,,,,14840.0,182.0,1.2,2017
Челябинская область,60.3,73.1,102.9,90.4,3584.0,,,,,,,14608.0,170.0,1.2,2018
Челябинская область,71.6,77.9,100.7,94.9,3499.0,1012923.0,4529.0,25753.0,31604.0,42.0,156.0,14658.0,170.0,1.2,2019
Чеченская Республика,35.8,43.7,16.4,93.1,213.0,192816.0,191.0,221.0,1332.0,2.0,2.0,3483.0,31.0,0.9,2012
Чеченская Республика,43.4,46.6,16.5,94.1,219.0,254576.0,214.0,243.0,1746.0,4.0,4.0,3630.0,35.0,1.0,2013
Чеченская Республика,53.0,42.6,12.9,100.0,177.0,248918.0,162.0,193.0,2611.0,2.0,2.0,3638.0,35.0,1.0,2014
Чеченская Республика,59.2,45.2,11.2,96.2,153.0,240462.0,137.0,165.0,2402.0,5.0,5.0,3771.0,36.0,1.0,2015
Чеченская Республика,51.2,54.7,8.7,100.0,121.0,,,,,,,3980.0,41.0,1.0,2016
Чеченская Республика,52.4,95.1,6.9,84.2,97.0,,,,,,,4021.0,42.0,1.0,2017
Чеченская Республика,64.7,52.1,9.7,94.7,140.0,,,,,,,4267.0,50.0,1.2,2018
Чеченская Республика,81.9,62.7,9.3,100.0,136.0,440503.0,121.0,142.0,2437.0,1.0,1.0,4353.0,51.0,1.2,2019
Чувашская Республика - Чувашия,40.7,74.3,14.1,93.8,176.0,209131.0,215.0,399.0,2066.0,2.0,2.0,6050.0,49.0,0.8,2012
Чувашская Республика - Чувашия,35.6,66.9,14.2,89.5,177.0,220901.0,246.0,370.0,2119.0,2.0,2.0,6094.0,47.0,0.8,2013
Чувашская Республика - Чувашия,49.2,79.0,15.6,86.1,193.0,234881.0,280.0,479.0,3573.0,15.0,16.0,6022.0,46.0,0.8,2014
Чувашская Республика - Чувашия,49.4,92.9,18.9,95.6,234.0,245677.0,383.0,611.0,3143.0,6.0,6.0,6100.0,44.0,0.7,2015
Чувашская Республика - Чувашия,94.3,42.7,23.9,90.2,295.0,,,,,,,6090.0,42.0,0.7,2016
Чувашская Республика - Чувашия,55.6,83.5,30.9,91.1,382.0,,,,,,,6115.0,42.0,0.7,2017
Чувашская Республика - Чувашия,66.3,60.1,31.1,89.4,382.0,,,,,,,6042.0,40.0,0.7,2018
Чувашская Республика - Чувашия,68.9,62.2,30.2,89.5,369.0,332785.0,517.0,912.0,2236.0,5.0,6.0,6025.0,40.0,0.7,2019
Чукотский автономный округ,18.6,92.1,53.0,50.0,27.0,14894.0,23.0,24.0,1712.0,4.0,4.0,371.0,4.0,1.1,2012
Чукотский автономный округ,23.5,94.2,37.4,66.7,19.0,15073.0,21.0,27.0,1721.0,4.0,4.0,373.0,4.0,1.1,2013
Чукотский автономный округ,28.0,98.0,33.6,100.0,17.0,13088.0,22.0,24.0,2126.0,1.0,1.0,331.0,5.0,1.5,2014
Чукотский автономный округ,29.2,74.6,37.6,100.0,19.0,12971.0,13.0,13.0,1586.0,4.0,4.0,326.0,6.0,1.8,2015
Чукотский автономный округ,43.1,75.0,57.8,100.0,29.0,,,,,,,346.0,6.0,1.7,2016
Чукотский автономный округ,53.2,93.3,146.5,0.0,73.0,,,,,,,369.0,7.0,1.9,2017
Чукотский автономный округ,65.8,109.6,62.6,100.0,31.0,,,,,,,375.0,7.0,1.9,2018
Чукотский автономный округ,84.6,100.6,58.4,100.0,29.0,14600.0,30.0,30.0,1127.0,0.0,0.0,357.0,6.0,1.7,2019
Южный федеральный округ,41.1,74.1,23.0,88.8,3193.0,2092976.0,3735.0,6006.0,111449.0,175.0,215.0,61023.0,645.0,1.1,2012
Южный федеральный округ,44.0,75.4,26.6,89.6,3706.0,2141857.0,4306.0,6552.0,122398.0,175.0,206.0,60941.0,661.0,1.1,2013
Южный федеральный округ,46.2,73.5,30.8,90.5,4312.0,2186414.0,4864.0,7823.0,162835.0,446.0,573.0,60389.0,612.0,1.0,2014
Южный федеральный округ,46.3,74.1,38.0,91.5,5322.0,2237537.0,5756.0,9157.0,231921.0,438.0,603.0,58568.0,609.0,1.0,2015
Южный федеральный округ,64.1,50.2,41.9,88.2,6850.0,,,,,,,68984.0,727.0,1.1,2016
Южный федеральный округ,54.5,92.5,41.2,88.9,6768.0,,,,,,,71031.0,869.0,1.2,2017
Южный федеральный округ,65.3,66.5,41.7,89.4,6866.0,,,,,,,71823.0,764.0,1.1,2018
Южный федеральный округ,73.9,69.3,41.8,90.7,6881.0,,,,,,,71312.0,764.0,1.1,2019
Ямало-Ненецкий автономный округ,30.0,74.1,31.5,92.5,169.0,136115.0,161.0,486.0,22254.0,25.0,28.0,2604.0,47.0,1.8,2012
Ямало-Ненецкий автономный округ,36.0,74.5,32.5,94.0,176.0,130640.0,176.0,526.0,27009.0,38.0,48.0,2648.0,52.0,2.0,2013
Ямало-Ненецкий автономный округ,42.7,88.5,28.1,97.7,152.0,128006.0,152.0,563.0,30210.0,56.0,69.0,2551.0,47.0,1.8,2014
Ямало-Ненецкий автономный округ,50.3,92.0,39.4,97.7,213.0,133240.0,206.0,669.0,18371.0,23.0,33.0,2687.0,51.0,1.9,2015
Ямало-Ненецкий автономный округ,89.1,61.3,51.1,90.7,273.0,,,,,,,2709.0,52.0,1.9,2016
Ямало-Ненецкий автономный округ,69.8,90.3,52.4,94.0,281.0,,,,,,,2956.0,55.0,1.9,2017
Ямало-Ненецкий автономный округ,76.6,100.0,43.1,105.7,233.0,,,,,,,2982.0,55.0,1.8,2018
Ямало-Ненецкий автономный округ,81.2,100.0,36.4,106.4,197.0,187553.0,197.0,753.0,13565.0,14.0,20.0,3089.0,51.0,1.7,2019
Ярославская область,44.7,76.5,15.3,96.2,194.0,180929.0,255.0,300.0,8072.0,9.0,12.0,7409.0,86.0,1.2,2012
Ярославская область,49.0,71.5,17.1,96.4,217.0,182581.0,278.0,383.0,11121.0,11.0,13.0,7372.0,88.0,1.2,2013
Ярославская область,51.3,67.8,21.5,94.9,274.0,194798.0,294.0,362.0,13357.0,39.0,44.0,7341.0,68.0,0.9,2014
Ярославская область,48.7,68.2,26.6,95.9,338.0,218155.0,377.0,515.0,17054.0,33.0,50.0,6706.0,68.0,1.0,2015
Ярославская область,71.1,48.3,30.9,93.8,393.0,,,,,,,6741.0,67.0,1.0,2016
Ярославская область,56.6,93.0,38.2,91.4,486.0,,,,,,,6681.0,62.0,0.9,2017
Ярославская область,59.8,69.0,50.8,91.4,641.0,,,,,,,6758.0,59.0,0.9,2018
Ярославская область,71.0,65.9,57.8,95.2,728.0,342673.0,914.0,1020.0,12431.0,40.0,40.0,6308.0,59.0,0.9,2019
